source_file,dataset,model,attack,seed,variant,variant_description,poison_rate,trigger_size,clean_acc,backdoored_clean_acc,clean_acc_drop,clean_trigger_asr,poisoned_asr,learned_backdoor_gap,use_prune,hard_remove_suspicious,use_trigger_unlearning,target_suppression,unlearn_lambda,disable_signals,detection_precision,detection_recall,detection_f1,defense_clean_acc,defense_asr,asr_drop,utility_drop,relative_asr_reduction,suspicious_nodes,hard_removed_train_nodes,runtime_sec,attack_valid
results_ablation_acm_han_5seeds/ablation_ACM_HAN_cba_r0.075_seed1_20260514_231232.json,ACM,HAN,cba,1,full,Full HeteroGuard-Unlearn,0.075,12,0.885869562625885,0.804347813129425,0.08152174949645996,0.078125,0.6015625,0.5234375,True,True,True,0.2,1.0,,1.0,1.0,1.0,0.907608687877655,0.0390625,0.5625,-0.02173912525177002,0.935064935064935,41,41,29.96819043159485,True
results_ablation_acm_han_5seeds/ablation_ACM_HAN_cba_r0.075_seed1_20260514_231232.json,ACM,HAN,cba,1,wo_structural_signal,Full model without structural detection signals,0.075,12,0.885869562625885,0.804347813129425,0.08152174949645996,0.078125,0.6015625,0.5234375,True,True,True,0.2,1.0,structural|structure|relation|degree|edge|topology|meta_path|metapath,1.0,1.0,1.0,0.8695651888847351,0.0546875,0.546875,0.016304373741149902,0.9090909090909091,41,41,29.41193461418152,True
results_ablation_acm_han_5seeds/ablation_ACM_HAN_cba_r0.075_seed1_20260514_231232.json,ACM,HAN,cba,1,wo_feature_signal,Full model without feature detection signals,0.075,12,0.885869562625885,0.804347813129425,0.08152174949645996,0.078125,0.6015625,0.5234375,True,True,True,0.2,1.0,feature|features|x|feature_anomaly|feature_shift|attribute,1.0,1.0,1.0,0.875,0.1015625,0.5,0.01086956262588501,0.8311688311688312,41,41,29.68211555480957,True
results_ablation_acm_han_5seeds/ablation_ACM_HAN_cba_r0.075_seed1_20260514_231232.json,ACM,HAN,cba,1,wo_embedding_signal,Full model without embedding/prediction detection signals,0.075,12,0.885869562625885,0.804347813129425,0.08152174949645996,0.078125,0.6015625,0.5234375,True,True,True,0.2,1.0,embedding|emb|representation|prediction|confidence|logit|posterior,1.0,1.0,1.0,0.8913043737411499,0.046875,0.5546875,-0.005434811115264893,0.922077922077922,41,41,30.04007387161255,True
results_ablation_acm_han_5seeds/ablation_ACM_HAN_cba_r0.075_seed1_20260514_231232.json,ACM,HAN,cba,1,wo_hard_removal,Full model without hard removal of suspicious training nodes,0.075,12,0.885869562625885,0.804347813129425,0.08152174949645996,0.078125,0.6015625,0.5234375,True,False,True,0.2,1.0,,1.0,1.0,1.0,0.864130437374115,0.078125,0.5234375,0.02173912525177002,0.8701298701298701,41,0,30.05865740776062,True
results_ablation_acm_han_5seeds/ablation_ACM_HAN_cba_r0.075_seed1_20260514_231232.json,ACM,HAN,cba,1,wo_trigger_purification,Full model without trigger purification / edge pruning,0.075,12,0.885869562625885,0.804347813129425,0.08152174949645996,0.078125,0.6015625,0.5234375,False,True,True,0.2,1.0,,1.0,1.0,1.0,0.907608687877655,0.03125,0.5703125,-0.02173912525177002,0.948051948051948,41,41,31.183934450149536,True
results_ablation_acm_han_5seeds/ablation_ACM_HAN_cba_r0.075_seed1_20260514_231232.json,ACM,HAN,cba,1,wo_trigger_unlearning,HeteroGuard-HR without trigger unlearning,0.075,12,0.885869562625885,0.804347813129425,0.08152174949645996,0.078125,0.6015625,0.5234375,True,True,False,0.0,0.0,,0.0,0.0,0.0,0.8913043737411499,0.0703125,0.53125,-0.005434811115264893,0.8831168831168831,38,38,20.03989553451538,True
results_ablation_acm_han_5seeds/ablation_ACM_HAN_cba_r0.075_seed1_20260514_231232.json,ACM,HAN,cba,1,wo_target_suppression,Full model without target-class probability suppression,0.075,12,0.885869562625885,0.804347813129425,0.08152174949645996,0.078125,0.6015625,0.5234375,True,True,True,0.0,1.0,,0.0,0.0,0.0,0.907608687877655,0.078125,0.5234375,-0.02173912525177002,0.8701298701298701,38,38,29.99221444129944,True
results_ablation_acm_han_5seeds/ablation_ACM_HAN_cba_r0.075_seed1_20260514_231232.json,ACM,HAN,cba,1,only_hard_removal,Only hard-remove detected suspicious training nodes,0.075,12,0.885869562625885,0.804347813129425,0.08152174949645996,0.078125,0.6015625,0.5234375,False,True,False,0.0,0.0,,0.0,0.0,0.0,0.8913043737411499,0.0859375,0.515625,-0.005434811115264893,0.8571428571428571,38,38,21.21004629135132,True
results_ablation_acm_han_5seeds/ablation_ACM_HAN_cba_r0.075_seed1_20260514_231232.json,ACM,HAN,cba,1,only_unlearning,Only trigger unlearning without purification or hard removal,0.075,12,0.885869562625885,0.804347813129425,0.08152174949645996,0.078125,0.6015625,0.5234375,False,False,True,0.2,1.0,,0.0,0.0,0.0,0.89673912525177,0.046875,0.5546875,-0.01086956262588501,0.922077922077922,35,0,31.248847246170044,True
results_ablation_acm_han_5seeds/ablation_ACM_HAN_cba_r0.075_seed2_20260514_233416.json,ACM,HAN,cba,2,full,Full HeteroGuard-Unlearn,0.075,12,0.8804348111152649,0.7228260636329651,0.1576087474822998,0.078125,0.6953125,0.6171875,True,True,True,0.2,1.0,,1.0,1.0,1.0,0.8695651888847351,0.0703125,0.625,0.010869622230529785,0.898876404494382,41,41,29.82130527496338,True
results_ablation_acm_han_5seeds/ablation_ACM_HAN_cba_r0.075_seed2_20260514_233416.json,ACM,HAN,cba,2,wo_structural_signal,Full model without structural detection signals,0.075,12,0.8804348111152649,0.7228260636329651,0.1576087474822998,0.078125,0.6953125,0.6171875,True,True,True,0.2,1.0,structural|structure|relation|degree|edge|topology|meta_path|metapath,1.0,1.0,1.0,0.8913043737411499,0.078125,0.6171875,-0.01086956262588501,0.8876404494382022,41,41,30.126484155654907,True
results_ablation_acm_han_5seeds/ablation_ACM_HAN_cba_r0.075_seed2_20260514_233416.json,ACM,HAN,cba,2,wo_feature_signal,Full model without feature detection signals,0.075,12,0.8804348111152649,0.7228260636329651,0.1576087474822998,0.078125,0.6953125,0.6171875,True,True,True,0.2,1.0,feature|features|x|feature_anomaly|feature_shift|attribute,1.0,1.0,1.0,0.8804348111152649,0.0625,0.6328125,0.0,0.9101123595505618,41,41,29.882939338684082,True
results_ablation_acm_han_5seeds/ablation_ACM_HAN_cba_r0.075_seed2_20260514_233416.json,ACM,HAN,cba,2,wo_embedding_signal,Full model without embedding/prediction detection signals,0.075,12,0.8804348111152649,0.7228260636329651,0.1576087474822998,0.078125,0.6953125,0.6171875,True,True,True,0.2,1.0,embedding|emb|representation|prediction|confidence|logit|posterior,1.0,1.0,1.0,0.8913043737411499,0.0546875,0.640625,-0.01086956262588501,0.9213483146067416,41,41,30.168009996414185,True
results_ablation_acm_han_5seeds/ablation_ACM_HAN_cba_r0.075_seed2_20260514_233416.json,ACM,HAN,cba,2,wo_hard_removal,Full model without hard removal of suspicious training nodes,0.075,12,0.8804348111152649,0.7228260636329651,0.1576087474822998,0.078125,0.6953125,0.6171875,True,False,True,0.2,1.0,,1.0,1.0,1.0,0.842391312122345,0.125,0.5703125,0.03804349899291992,0.8202247191011236,41,0,30.208072185516357,True
results_ablation_acm_han_5seeds/ablation_ACM_HAN_cba_r0.075_seed2_20260514_233416.json,ACM,HAN,cba,2,wo_trigger_purification,Full model without trigger purification / edge pruning,0.075,12,0.8804348111152649,0.7228260636329651,0.1576087474822998,0.078125,0.6953125,0.6171875,False,True,True,0.2,1.0,,1.0,1.0,1.0,0.875,0.046875,0.6484375,0.005434811115264893,0.9325842696629213,41,41,31.203086853027344,True
results_ablation_acm_han_5seeds/ablation_ACM_HAN_cba_r0.075_seed2_20260514_233416.json,ACM,HAN,cba,2,wo_trigger_unlearning,HeteroGuard-HR without trigger unlearning,0.075,12,0.8804348111152649,0.7228260636329651,0.1576087474822998,0.078125,0.6953125,0.6171875,True,True,False,0.0,0.0,,0.0,0.0,0.0,0.907608687877655,0.0859375,0.609375,-0.027173876762390137,0.8764044943820225,38,38,20.25136089324951,True
results_ablation_acm_han_5seeds/ablation_ACM_HAN_cba_r0.075_seed2_20260514_233416.json,ACM,HAN,cba,2,wo_target_suppression,Full model without target-class probability suppression,0.075,12,0.8804348111152649,0.7228260636329651,0.1576087474822998,0.078125,0.6953125,0.6171875,True,True,True,0.0,1.0,,0.0,0.0,0.0,0.8804348111152649,0.09375,0.6015625,0.0,0.8651685393258427,38,38,29.909363746643066,True
results_ablation_acm_han_5seeds/ablation_ACM_HAN_cba_r0.075_seed2_20260514_233416.json,ACM,HAN,cba,2,only_hard_removal,Only hard-remove detected suspicious training nodes,0.075,12,0.8804348111152649,0.7228260636329651,0.1576087474822998,0.078125,0.6953125,0.6171875,False,True,False,0.0,0.0,,0.0,0.0,0.0,0.8804348111152649,0.109375,0.5859375,0.0,0.8426966292134831,38,38,21.211707830429077,True
results_ablation_acm_han_5seeds/ablation_ACM_HAN_cba_r0.075_seed2_20260514_233416.json,ACM,HAN,cba,2,only_unlearning,Only trigger unlearning without purification or hard removal,0.075,12,0.8804348111152649,0.7228260636329651,0.1576087474822998,0.078125,0.6953125,0.6171875,False,False,True,0.2,1.0,,0.0,0.0,0.0,0.885869562625885,0.0390625,0.65625,-0.005434751510620117,0.9438202247191011,35,0,31.415459871292114,True
results_ablation_acm_han_5seeds/ablation_ACM_HAN_cba_r0.075_seed3_20260514_235608.json,ACM,HAN,cba,3,full,Full HeteroGuard-Unlearn,0.075,12,0.885869562625885,0.8695651888847351,0.016304373741149902,0.0703125,0.390625,0.3203125,True,True,True,0.2,1.0,,1.0,1.0,1.0,0.8804348111152649,0.046875,0.34375,0.005434751510620117,0.88,41,41,29.681501865386963,False
results_ablation_acm_han_5seeds/ablation_ACM_HAN_cba_r0.075_seed3_20260514_235608.json,ACM,HAN,cba,3,wo_structural_signal,Full model without structural detection signals,0.075,12,0.885869562625885,0.8695651888847351,0.016304373741149902,0.0703125,0.390625,0.3203125,True,True,True,0.2,1.0,structural|structure|relation|degree|edge|topology|meta_path|metapath,1.0,1.0,1.0,0.8913043737411499,0.0546875,0.3359375,-0.005434811115264893,0.86,41,41,30.018313884735107,False
results_ablation_acm_han_5seeds/ablation_ACM_HAN_cba_r0.075_seed3_20260514_235608.json,ACM,HAN,cba,3,wo_feature_signal,Full model without feature detection signals,0.075,12,0.885869562625885,0.8695651888847351,0.016304373741149902,0.0703125,0.390625,0.3203125,True,True,True,0.2,1.0,feature|features|x|feature_anomaly|feature_shift|attribute,1.0,1.0,1.0,0.8913043737411499,0.0625,0.328125,-0.005434811115264893,0.84,41,41,30.044498443603516,False
results_ablation_acm_han_5seeds/ablation_ACM_HAN_cba_r0.075_seed3_20260514_235608.json,ACM,HAN,cba,3,wo_embedding_signal,Full model without embedding/prediction detection signals,0.075,12,0.885869562625885,0.8695651888847351,0.016304373741149902,0.0703125,0.390625,0.3203125,True,True,True,0.2,1.0,embedding|emb|representation|prediction|confidence|logit|posterior,1.0,1.0,1.0,0.8804348111152649,0.1015625,0.2890625,0.005434751510620117,0.74,41,41,30.1069552898407,False
results_ablation_acm_han_5seeds/ablation_ACM_HAN_cba_r0.075_seed3_20260514_235608.json,ACM,HAN,cba,3,wo_hard_removal,Full model without hard removal of suspicious training nodes,0.075,12,0.885869562625885,0.8695651888847351,0.016304373741149902,0.0703125,0.390625,0.3203125,True,False,True,0.2,1.0,,1.0,1.0,1.0,0.8913043737411499,0.078125,0.3125,-0.005434811115264893,0.8,41,0,30.045074939727783,False
results_ablation_acm_han_5seeds/ablation_ACM_HAN_cba_r0.075_seed3_20260514_235608.json,ACM,HAN,cba,3,wo_trigger_purification,Full model without trigger purification / edge pruning,0.075,12,0.885869562625885,0.8695651888847351,0.016304373741149902,0.0703125,0.390625,0.3203125,False,True,True,0.2,1.0,,1.0,1.0,1.0,0.885869562625885,0.078125,0.3125,0.0,0.8,41,41,30.891862869262695,False
results_ablation_acm_han_5seeds/ablation_ACM_HAN_cba_r0.075_seed3_20260514_235608.json,ACM,HAN,cba,3,wo_trigger_unlearning,HeteroGuard-HR without trigger unlearning,0.075,12,0.885869562625885,0.8695651888847351,0.016304373741149902,0.0703125,0.390625,0.3203125,True,True,False,0.0,0.0,,0.0,0.0,0.0,0.89673912525177,0.078125,0.3125,-0.01086956262588501,0.8,38,38,20.031574249267578,False
results_ablation_acm_han_5seeds/ablation_ACM_HAN_cba_r0.075_seed3_20260514_235608.json,ACM,HAN,cba,3,wo_target_suppression,Full model without target-class probability suppression,0.075,12,0.885869562625885,0.8695651888847351,0.016304373741149902,0.0703125,0.390625,0.3203125,True,True,True,0.0,1.0,,0.0,0.0,0.0,0.8586956262588501,0.09375,0.296875,0.027173936367034912,0.76,38,38,30.10662031173706,False
results_ablation_acm_han_5seeds/ablation_ACM_HAN_cba_r0.075_seed3_20260514_235608.json,ACM,HAN,cba,3,only_hard_removal,Only hard-remove detected suspicious training nodes,0.075,12,0.885869562625885,0.8695651888847351,0.016304373741149902,0.0703125,0.390625,0.3203125,False,True,False,0.0,0.0,,0.0,0.0,0.0,0.8913043737411499,0.0859375,0.3046875,-0.005434811115264893,0.78,38,38,21.095010995864868,False
results_ablation_acm_han_5seeds/ablation_ACM_HAN_cba_r0.075_seed3_20260514_235608.json,ACM,HAN,cba,3,only_unlearning,Only trigger unlearning without purification or hard removal,0.075,12,0.885869562625885,0.8695651888847351,0.016304373741149902,0.0703125,0.390625,0.3203125,False,False,True,0.2,1.0,,0.0,0.0,0.0,0.875,0.0625,0.328125,0.01086956262588501,0.84,35,0,30.550701379776,False
results_ablation_acm_han_5seeds/ablation_ACM_HAN_cba_r0.075_seed4_20260515_001740.json,ACM,HAN,cba,4,full,Full HeteroGuard-Unlearn,0.075,12,0.8913043737411499,0.3695652186870575,0.5217391550540924,0.0546875,1.0,0.9453125,True,True,True,0.2,1.0,,1.0,1.0,1.0,0.8804348111152649,0.078125,0.921875,0.01086956262588501,0.921875,41,41,30.039310455322266,True
results_ablation_acm_han_5seeds/ablation_ACM_HAN_cba_r0.075_seed4_20260515_001740.json,ACM,HAN,cba,4,wo_structural_signal,Full model without structural detection signals,0.075,12,0.8913043737411499,0.3695652186870575,0.5217391550540924,0.0546875,1.0,0.9453125,True,True,True,0.2,1.0,structural|structure|relation|degree|edge|topology|meta_path|metapath,1.0,1.0,1.0,0.864130437374115,0.09375,0.90625,0.027173936367034912,0.90625,41,41,30.473238945007324,True
results_ablation_acm_han_5seeds/ablation_ACM_HAN_cba_r0.075_seed4_20260515_001740.json,ACM,HAN,cba,4,wo_feature_signal,Full model without feature detection signals,0.075,12,0.8913043737411499,0.3695652186870575,0.5217391550540924,0.0546875,1.0,0.9453125,True,True,True,0.2,1.0,feature|features|x|feature_anomaly|feature_shift|attribute,1.0,1.0,1.0,0.875,0.109375,0.890625,0.016304373741149902,0.890625,41,41,29.631461143493652,True
results_ablation_acm_han_5seeds/ablation_ACM_HAN_cba_r0.075_seed4_20260515_001740.json,ACM,HAN,cba,4,wo_embedding_signal,Full model without embedding/prediction detection signals,0.075,12,0.8913043737411499,0.3695652186870575,0.5217391550540924,0.0546875,1.0,0.9453125,True,True,True,0.2,1.0,embedding|emb|representation|prediction|confidence|logit|posterior,1.0,1.0,1.0,0.885869562625885,0.046875,0.953125,0.005434811115264893,0.953125,41,41,29.972419261932373,True
results_ablation_acm_han_5seeds/ablation_ACM_HAN_cba_r0.075_seed4_20260515_001740.json,ACM,HAN,cba,4,wo_hard_removal,Full model without hard removal of suspicious training nodes,0.075,12,0.8913043737411499,0.3695652186870575,0.5217391550540924,0.0546875,1.0,0.9453125,True,False,True,0.2,1.0,,1.0,1.0,1.0,0.885869562625885,0.0703125,0.9296875,0.005434811115264893,0.9296875,41,0,30.688157320022583,True
results_ablation_acm_han_5seeds/ablation_ACM_HAN_cba_r0.075_seed4_20260515_001740.json,ACM,HAN,cba,4,wo_trigger_purification,Full model without trigger purification / edge pruning,0.075,12,0.8913043737411499,0.3695652186870575,0.5217391550540924,0.0546875,1.0,0.9453125,False,True,True,0.2,1.0,,1.0,1.0,1.0,0.864130437374115,0.0703125,0.9296875,0.027173936367034912,0.9296875,41,41,31.417510986328125,True
results_ablation_acm_han_5seeds/ablation_ACM_HAN_cba_r0.075_seed4_20260515_001740.json,ACM,HAN,cba,4,wo_trigger_unlearning,HeteroGuard-HR without trigger unlearning,0.075,12,0.8913043737411499,0.3695652186870575,0.5217391550540924,0.0546875,1.0,0.9453125,True,True,False,0.0,0.0,,0.0,0.0,0.0,0.89673912525177,0.109375,0.890625,-0.005434751510620117,0.890625,38,38,20.190348148345947,True
results_ablation_acm_han_5seeds/ablation_ACM_HAN_cba_r0.075_seed4_20260515_001740.json,ACM,HAN,cba,4,wo_target_suppression,Full model without target-class probability suppression,0.075,12,0.8913043737411499,0.3695652186870575,0.5217391550540924,0.0546875,1.0,0.9453125,True,True,True,0.0,1.0,,0.0,0.0,0.0,0.8804348111152649,0.109375,0.890625,0.01086956262588501,0.890625,38,38,30.073530197143555,True
results_ablation_acm_han_5seeds/ablation_ACM_HAN_cba_r0.075_seed4_20260515_001740.json,ACM,HAN,cba,4,only_hard_removal,Only hard-remove detected suspicious training nodes,0.075,12,0.8913043737411499,0.3695652186870575,0.5217391550540924,0.0546875,1.0,0.9453125,False,True,False,0.0,0.0,,0.0,0.0,0.0,0.8804348111152649,0.1015625,0.8984375,0.01086956262588501,0.8984375,38,38,21.270156145095825,True
results_ablation_acm_han_5seeds/ablation_ACM_HAN_cba_r0.075_seed4_20260515_001740.json,ACM,HAN,cba,4,only_unlearning,Only trigger unlearning without purification or hard removal,0.075,12,0.8913043737411499,0.3695652186870575,0.5217391550540924,0.0546875,1.0,0.9453125,False,False,True,0.2,1.0,,0.0,0.0,0.0,0.8804348111152649,0.078125,0.921875,0.01086956262588501,0.921875,35,0,31.545631170272827,True
results_ablation_acm_han_5seeds/ablation_ACM_HAN_cba_r0.075_seed5_20260515_003922.json,ACM,HAN,cba,5,full,Full HeteroGuard-Unlearn,0.075,12,0.8913043737411499,0.804347813129425,0.08695656061172485,0.09375,0.5546875,0.4609375,True,True,True,0.2,1.0,,1.0,1.0,1.0,0.8804348111152649,0.09375,0.4609375,0.01086956262588501,0.8309859154929577,41,41,30.15166735649109,False
results_ablation_acm_han_5seeds/ablation_ACM_HAN_cba_r0.075_seed5_20260515_003922.json,ACM,HAN,cba,5,wo_structural_signal,Full model without structural detection signals,0.075,12,0.8913043737411499,0.804347813129425,0.08695656061172485,0.09375,0.5546875,0.4609375,True,True,True,0.2,1.0,structural|structure|relation|degree|edge|topology|meta_path|metapath,1.0,1.0,1.0,0.8478260636329651,0.078125,0.4765625,0.043478310108184814,0.8591549295774648,41,41,30.03502893447876,False
results_ablation_acm_han_5seeds/ablation_ACM_HAN_cba_r0.075_seed5_20260515_003922.json,ACM,HAN,cba,5,wo_feature_signal,Full model without feature detection signals,0.075,12,0.8913043737411499,0.804347813129425,0.08695656061172485,0.09375,0.5546875,0.4609375,True,True,True,0.2,1.0,feature|features|x|feature_anomaly|feature_shift|attribute,1.0,1.0,1.0,0.8804348111152649,0.0703125,0.484375,0.01086956262588501,0.8732394366197183,41,41,30.01425862312317,False
results_ablation_acm_han_5seeds/ablation_ACM_HAN_cba_r0.075_seed5_20260515_003922.json,ACM,HAN,cba,5,wo_embedding_signal,Full model without embedding/prediction detection signals,0.075,12,0.8913043737411499,0.804347813129425,0.08695656061172485,0.09375,0.5546875,0.4609375,True,True,True,0.2,1.0,embedding|emb|representation|prediction|confidence|logit|posterior,1.0,1.0,1.0,0.8804348111152649,0.0703125,0.484375,0.01086956262588501,0.8732394366197183,41,41,29.71372628211975,False
results_ablation_acm_han_5seeds/ablation_ACM_HAN_cba_r0.075_seed5_20260515_003922.json,ACM,HAN,cba,5,wo_hard_removal,Full model without hard removal of suspicious training nodes,0.075,12,0.8913043737411499,0.804347813129425,0.08695656061172485,0.09375,0.5546875,0.4609375,True,False,True,0.2,1.0,,1.0,1.0,1.0,0.8804348111152649,0.1171875,0.4375,0.01086956262588501,0.7887323943661971,41,0,29.678795337677002,False
results_ablation_acm_han_5seeds/ablation_ACM_HAN_cba_r0.075_seed5_20260515_003922.json,ACM,HAN,cba,5,wo_trigger_purification,Full model without trigger purification / edge pruning,0.075,12,0.8913043737411499,0.804347813129425,0.08695656061172485,0.09375,0.5546875,0.4609375,False,True,True,0.2,1.0,,1.0,1.0,1.0,0.8913043737411499,0.0546875,0.5,0.0,0.9014084507042254,41,41,31.361839056015015,False
results_ablation_acm_han_5seeds/ablation_ACM_HAN_cba_r0.075_seed5_20260515_003922.json,ACM,HAN,cba,5,wo_trigger_unlearning,HeteroGuard-HR without trigger unlearning,0.075,12,0.8913043737411499,0.804347813129425,0.08695656061172485,0.09375,0.5546875,0.4609375,True,True,False,0.0,0.0,,0.0,0.0,0.0,0.864130437374115,0.09375,0.4609375,0.027173936367034912,0.8309859154929577,38,38,19.971481561660767,False
results_ablation_acm_han_5seeds/ablation_ACM_HAN_cba_r0.075_seed5_20260515_003922.json,ACM,HAN,cba,5,wo_target_suppression,Full model without target-class probability suppression,0.075,12,0.8913043737411499,0.804347813129425,0.08695656061172485,0.09375,0.5546875,0.4609375,True,True,True,0.0,1.0,,0.0,0.0,0.0,0.885869562625885,0.078125,0.4765625,0.005434811115264893,0.8591549295774648,38,38,30.057531595230103,False
results_ablation_acm_han_5seeds/ablation_ACM_HAN_cba_r0.075_seed5_20260515_003922.json,ACM,HAN,cba,5,only_hard_removal,Only hard-remove detected suspicious training nodes,0.075,12,0.8913043737411499,0.804347813129425,0.08695656061172485,0.09375,0.5546875,0.4609375,False,True,False,0.0,0.0,,0.0,0.0,0.0,0.875,0.0703125,0.484375,0.016304373741149902,0.8732394366197183,38,38,21.297048091888428,False
results_ablation_acm_han_5seeds/ablation_ACM_HAN_cba_r0.075_seed5_20260515_003922.json,ACM,HAN,cba,5,only_unlearning,Only trigger unlearning without purification or hard removal,0.075,12,0.8913043737411499,0.804347813129425,0.08695656061172485,0.09375,0.5546875,0.4609375,False,False,True,0.2,1.0,,0.0,0.0,0.0,0.907608687877655,0.0390625,0.515625,-0.016304314136505127,0.9295774647887324,35,0,31.427260875701904,False
results_ablation_acm_han_5seeds/ablation_ACM_HAN_clean_label_r0.200_seed1_20260514_230653.json,ACM,HAN,clean_label,1,full,Full HeteroGuard-Unlearn,0.2,10,0.885869562625885,0.8369565010070801,0.04891306161880493,0.09375,0.90625,0.8125,True,True,True,0.2,1.0,,1.0,1.0,1.0,0.83152174949646,0.0390625,0.8671875,0.05434781312942505,0.9568965517241379,109,109,27.82670569419861,True
results_ablation_acm_han_5seeds/ablation_ACM_HAN_clean_label_r0.200_seed1_20260514_230653.json,ACM,HAN,clean_label,1,wo_structural_signal,Full model without structural detection signals,0.2,10,0.885869562625885,0.8369565010070801,0.04891306161880493,0.09375,0.90625,0.8125,True,True,True,0.2,1.0,structural|structure|relation|degree|edge|topology|meta_path|metapath,0.9908256880733946,0.9908256880733946,0.9908256880733946,0.8478260636329651,0.09375,0.8125,0.03804349899291992,0.896551724137931,109,109,28.02836537361145,True
results_ablation_acm_han_5seeds/ablation_ACM_HAN_clean_label_r0.200_seed1_20260514_230653.json,ACM,HAN,clean_label,1,wo_feature_signal,Full model without feature detection signals,0.2,10,0.885869562625885,0.8369565010070801,0.04891306161880493,0.09375,0.90625,0.8125,True,True,True,0.2,1.0,feature|features|x|feature_anomaly|feature_shift|attribute,1.0,1.0,1.0,0.8586956262588501,0.015625,0.890625,0.027173936367034912,0.9827586206896551,109,109,27.31315326690674,True
results_ablation_acm_han_5seeds/ablation_ACM_HAN_clean_label_r0.200_seed1_20260514_230653.json,ACM,HAN,clean_label,1,wo_embedding_signal,Full model without embedding/prediction detection signals,0.2,10,0.885869562625885,0.8369565010070801,0.04891306161880493,0.09375,0.90625,0.8125,True,True,True,0.2,1.0,embedding|emb|representation|prediction|confidence|logit|posterior,1.0,1.0,1.0,0.8586956262588501,0.015625,0.890625,0.027173936367034912,0.9827586206896551,109,109,27.924036741256714,True
results_ablation_acm_han_5seeds/ablation_ACM_HAN_clean_label_r0.200_seed1_20260514_230653.json,ACM,HAN,clean_label,1,wo_hard_removal,Full model without hard removal of suspicious training nodes,0.2,10,0.885869562625885,0.8369565010070801,0.04891306161880493,0.09375,0.90625,0.8125,True,False,True,0.2,1.0,,1.0,1.0,1.0,0.864130437374115,0.078125,0.828125,0.02173912525177002,0.9137931034482759,109,0,27.86203408241272,True
results_ablation_acm_han_5seeds/ablation_ACM_HAN_clean_label_r0.200_seed1_20260514_230653.json,ACM,HAN,clean_label,1,wo_trigger_purification,Full model without trigger purification / edge pruning,0.2,10,0.885869562625885,0.8369565010070801,0.04891306161880493,0.09375,0.90625,0.8125,False,True,True,0.2,1.0,,1.0,1.0,1.0,0.864130437374115,0.03125,0.875,0.02173912525177002,0.9655172413793104,109,109,28.060307025909424,True
results_ablation_acm_han_5seeds/ablation_ACM_HAN_clean_label_r0.200_seed1_20260514_230653.json,ACM,HAN,clean_label,1,wo_trigger_unlearning,HeteroGuard-HR without trigger unlearning,0.2,10,0.885869562625885,0.8369565010070801,0.04891306161880493,0.09375,0.90625,0.8125,True,True,False,0.0,0.0,,0.0,0.0,0.0,0.8586956262588501,0.1875,0.71875,0.027173936367034912,0.7931034482758621,87,87,19.286088466644287,True
results_ablation_acm_han_5seeds/ablation_ACM_HAN_clean_label_r0.200_seed1_20260514_230653.json,ACM,HAN,clean_label,1,wo_target_suppression,Full model without target-class probability suppression,0.2,10,0.885869562625885,0.8369565010070801,0.04891306161880493,0.09375,0.90625,0.8125,True,True,True,0.0,1.0,,0.0,0.0,0.0,0.820652186870575,0.03125,0.875,0.06521737575531006,0.9655172413793104,87,87,28.027741193771362,True
results_ablation_acm_han_5seeds/ablation_ACM_HAN_clean_label_r0.200_seed1_20260514_230653.json,ACM,HAN,clean_label,1,only_hard_removal,Only hard-remove detected suspicious training nodes,0.2,10,0.885869562625885,0.8369565010070801,0.04891306161880493,0.09375,0.90625,0.8125,False,True,False,0.0,0.0,,0.0,0.0,0.0,0.842391312122345,0.15625,0.75,0.04347825050354004,0.8275862068965517,87,87,19.3310124874115,True
results_ablation_acm_han_5seeds/ablation_ACM_HAN_clean_label_r0.200_seed1_20260514_230653.json,ACM,HAN,clean_label,1,only_unlearning,Only trigger unlearning without purification or hard removal,0.2,10,0.885869562625885,0.8369565010070801,0.04891306161880493,0.09375,0.90625,0.8125,False,False,True,0.2,1.0,,0.0,0.0,0.0,0.864130437374115,0.0078125,0.8984375,0.02173912525177002,0.9913793103448276,69,0,28.265655755996704,True
results_ablation_acm_han_5seeds/ablation_ACM_HAN_clean_label_r0.200_seed2_20260514_232838.json,ACM,HAN,clean_label,2,full,Full HeteroGuard-Unlearn,0.2,10,0.8804348111152649,0.820652186870575,0.05978262424468994,0.0625,0.875,0.8125,True,True,True,0.2,1.0,,1.0,1.0,1.0,0.8152173757553101,0.0546875,0.8203125,0.06521743535995483,0.9375,109,109,27.960558652877808,True
results_ablation_acm_han_5seeds/ablation_ACM_HAN_clean_label_r0.200_seed2_20260514_232838.json,ACM,HAN,clean_label,2,wo_structural_signal,Full model without structural detection signals,0.2,10,0.8804348111152649,0.820652186870575,0.05978262424468994,0.0625,0.875,0.8125,True,True,True,0.2,1.0,structural|structure|relation|degree|edge|topology|meta_path|metapath,1.0,1.0,1.0,0.8369565010070801,0.0390625,0.8359375,0.043478310108184814,0.9553571428571429,109,109,27.938685417175293,True
results_ablation_acm_han_5seeds/ablation_ACM_HAN_clean_label_r0.200_seed2_20260514_232838.json,ACM,HAN,clean_label,2,wo_feature_signal,Full model without feature detection signals,0.2,10,0.8804348111152649,0.820652186870575,0.05978262424468994,0.0625,0.875,0.8125,True,True,True,0.2,1.0,feature|features|x|feature_anomaly|feature_shift|attribute,1.0,1.0,1.0,0.8478260636329651,0.03125,0.84375,0.032608747482299805,0.9642857142857143,109,109,28.240767002105713,True
results_ablation_acm_han_5seeds/ablation_ACM_HAN_clean_label_r0.200_seed2_20260514_232838.json,ACM,HAN,clean_label,2,wo_embedding_signal,Full model without embedding/prediction detection signals,0.2,10,0.8804348111152649,0.820652186870575,0.05978262424468994,0.0625,0.875,0.8125,True,True,True,0.2,1.0,embedding|emb|representation|prediction|confidence|logit|posterior,1.0,1.0,1.0,0.842391312122345,0.03125,0.84375,0.03804349899291992,0.9642857142857143,109,109,27.637319087982178,True
results_ablation_acm_han_5seeds/ablation_ACM_HAN_clean_label_r0.200_seed2_20260514_232838.json,ACM,HAN,clean_label,2,wo_hard_removal,Full model without hard removal of suspicious training nodes,0.2,10,0.8804348111152649,0.820652186870575,0.05978262424468994,0.0625,0.875,0.8125,True,False,True,0.2,1.0,,1.0,1.0,1.0,0.8478260636329651,0.0703125,0.8046875,0.032608747482299805,0.9196428571428571,109,0,27.99954056739807,True
results_ablation_acm_han_5seeds/ablation_ACM_HAN_clean_label_r0.200_seed2_20260514_232838.json,ACM,HAN,clean_label,2,wo_trigger_purification,Full model without trigger purification / edge pruning,0.2,10,0.8804348111152649,0.820652186870575,0.05978262424468994,0.0625,0.875,0.8125,False,True,True,0.2,1.0,,1.0,1.0,1.0,0.8695651888847351,0.0625,0.8125,0.010869622230529785,0.9285714285714286,109,109,28.462952375411987,True
results_ablation_acm_han_5seeds/ablation_ACM_HAN_clean_label_r0.200_seed2_20260514_232838.json,ACM,HAN,clean_label,2,wo_trigger_unlearning,HeteroGuard-HR without trigger unlearning,0.2,10,0.8804348111152649,0.820652186870575,0.05978262424468994,0.0625,0.875,0.8125,True,True,False,0.0,0.0,,0.0,0.0,0.0,0.8804348111152649,0.171875,0.703125,0.0,0.8035714285714286,87,87,19.317790746688843,True
results_ablation_acm_han_5seeds/ablation_ACM_HAN_clean_label_r0.200_seed2_20260514_232838.json,ACM,HAN,clean_label,2,wo_target_suppression,Full model without target-class probability suppression,0.2,10,0.8804348111152649,0.820652186870575,0.05978262424468994,0.0625,0.875,0.8125,True,True,True,0.0,1.0,,0.0,0.0,0.0,0.820652186870575,0.09375,0.78125,0.05978262424468994,0.8928571428571429,87,87,28.01748824119568,True
results_ablation_acm_han_5seeds/ablation_ACM_HAN_clean_label_r0.200_seed2_20260514_232838.json,ACM,HAN,clean_label,2,only_hard_removal,Only hard-remove detected suspicious training nodes,0.2,10,0.8804348111152649,0.820652186870575,0.05978262424468994,0.0625,0.875,0.8125,False,True,False,0.0,0.0,,0.0,0.0,0.0,0.85326087474823,0.1484375,0.7265625,0.027173936367034912,0.8303571428571429,87,87,19.767637491226196,True
results_ablation_acm_han_5seeds/ablation_ACM_HAN_clean_label_r0.200_seed2_20260514_232838.json,ACM,HAN,clean_label,2,only_unlearning,Only trigger unlearning without purification or hard removal,0.2,10,0.8804348111152649,0.820652186870575,0.05978262424468994,0.0625,0.875,0.8125,False,False,True,0.2,1.0,,0.0,0.0,0.0,0.820652186870575,0.0625,0.8125,0.05978262424468994,0.9285714285714286,69,0,28.321061849594116,True
results_ablation_acm_han_5seeds/ablation_ACM_HAN_clean_label_r0.200_seed3_20260514_235028.json,ACM,HAN,clean_label,3,full,Full HeteroGuard-Unlearn,0.2,10,0.885869562625885,0.7989130616188049,0.08695650100708008,0.0703125,0.8359375,0.765625,True,True,True,0.2,1.0,,1.0,1.0,1.0,0.842391312122345,0.03125,0.8046875,0.04347825050354004,0.9626168224299065,109,109,28.138503074645996,True
results_ablation_acm_han_5seeds/ablation_ACM_HAN_clean_label_r0.200_seed3_20260514_235028.json,ACM,HAN,clean_label,3,wo_structural_signal,Full model without structural detection signals,0.2,10,0.885869562625885,0.7989130616188049,0.08695650100708008,0.0703125,0.8359375,0.765625,True,True,True,0.2,1.0,structural|structure|relation|degree|edge|topology|meta_path|metapath,1.0,1.0,1.0,0.8369565010070801,0.0546875,0.78125,0.04891306161880493,0.9345794392523364,109,109,28.27481985092163,True
results_ablation_acm_han_5seeds/ablation_ACM_HAN_clean_label_r0.200_seed3_20260514_235028.json,ACM,HAN,clean_label,3,wo_feature_signal,Full model without feature detection signals,0.2,10,0.885869562625885,0.7989130616188049,0.08695650100708008,0.0703125,0.8359375,0.765625,True,True,True,0.2,1.0,feature|features|x|feature_anomaly|feature_shift|attribute,1.0,1.0,1.0,0.8097826242446899,0.0859375,0.75,0.07608693838119507,0.897196261682243,109,109,28.055461645126343,True
results_ablation_acm_han_5seeds/ablation_ACM_HAN_clean_label_r0.200_seed3_20260514_235028.json,ACM,HAN,clean_label,3,wo_embedding_signal,Full model without embedding/prediction detection signals,0.2,10,0.885869562625885,0.7989130616188049,0.08695650100708008,0.0703125,0.8359375,0.765625,True,True,True,0.2,1.0,embedding|emb|representation|prediction|confidence|logit|posterior,1.0,1.0,1.0,0.8478260636329651,0.03125,0.8046875,0.03804349899291992,0.9626168224299065,109,109,28.253034591674805,True
results_ablation_acm_han_5seeds/ablation_ACM_HAN_clean_label_r0.200_seed3_20260514_235028.json,ACM,HAN,clean_label,3,wo_hard_removal,Full model without hard removal of suspicious training nodes,0.2,10,0.885869562625885,0.7989130616188049,0.08695650100708008,0.0703125,0.8359375,0.765625,True,False,True,0.2,1.0,,1.0,1.0,1.0,0.885869562625885,0.078125,0.7578125,0.0,0.9065420560747663,109,0,27.82911229133606,True
results_ablation_acm_han_5seeds/ablation_ACM_HAN_clean_label_r0.200_seed3_20260514_235028.json,ACM,HAN,clean_label,3,wo_trigger_purification,Full model without trigger purification / edge pruning,0.2,10,0.885869562625885,0.7989130616188049,0.08695650100708008,0.0703125,0.8359375,0.765625,False,True,True,0.2,1.0,,1.0,1.0,1.0,0.8695651888847351,0.0234375,0.8125,0.016304373741149902,0.9719626168224299,109,109,28.309447288513184,True
results_ablation_acm_han_5seeds/ablation_ACM_HAN_clean_label_r0.200_seed3_20260514_235028.json,ACM,HAN,clean_label,3,wo_trigger_unlearning,HeteroGuard-HR without trigger unlearning,0.2,10,0.885869562625885,0.7989130616188049,0.08695650100708008,0.0703125,0.8359375,0.765625,True,True,False,0.0,0.0,,0.0,0.0,0.0,0.85326087474823,0.140625,0.6953125,0.03260868787765503,0.8317757009345794,87,87,19.27834677696228,True
results_ablation_acm_han_5seeds/ablation_ACM_HAN_clean_label_r0.200_seed3_20260514_235028.json,ACM,HAN,clean_label,3,wo_target_suppression,Full model without target-class probability suppression,0.2,10,0.885869562625885,0.7989130616188049,0.08695650100708008,0.0703125,0.8359375,0.765625,True,True,True,0.0,1.0,,0.0,0.0,0.0,0.85326087474823,0.015625,0.8203125,0.03260868787765503,0.9813084112149533,87,87,28.315905332565308,True
results_ablation_acm_han_5seeds/ablation_ACM_HAN_clean_label_r0.200_seed3_20260514_235028.json,ACM,HAN,clean_label,3,only_hard_removal,Only hard-remove detected suspicious training nodes,0.2,10,0.885869562625885,0.7989130616188049,0.08695650100708008,0.0703125,0.8359375,0.765625,False,True,False,0.0,0.0,,0.0,0.0,0.0,0.8369565010070801,0.1484375,0.6875,0.04891306161880493,0.822429906542056,87,87,19.663621425628662,True
results_ablation_acm_han_5seeds/ablation_ACM_HAN_clean_label_r0.200_seed3_20260514_235028.json,ACM,HAN,clean_label,3,only_unlearning,Only trigger unlearning without purification or hard removal,0.2,10,0.885869562625885,0.7989130616188049,0.08695650100708008,0.0703125,0.8359375,0.765625,False,False,True,0.2,1.0,,0.0,0.0,0.0,0.820652186870575,0.0234375,0.8125,0.06521737575531006,0.9719626168224299,69,0,28.307289123535156,True
results_ablation_acm_han_5seeds/ablation_ACM_HAN_clean_label_r0.200_seed4_20260515_001203.json,ACM,HAN,clean_label,4,full,Full HeteroGuard-Unlearn,0.2,10,0.8913043737411499,0.8260869383811951,0.06521743535995483,0.0703125,0.703125,0.6328125,True,True,True,0.2,1.0,,1.0,1.0,1.0,0.8369565010070801,0.0390625,0.6640625,0.054347872734069824,0.9444444444444444,109,109,28.1921489238739,True
results_ablation_acm_han_5seeds/ablation_ACM_HAN_clean_label_r0.200_seed4_20260515_001203.json,ACM,HAN,clean_label,4,wo_structural_signal,Full model without structural detection signals,0.2,10,0.8913043737411499,0.8260869383811951,0.06521743535995483,0.0703125,0.703125,0.6328125,True,True,True,0.2,1.0,structural|structure|relation|degree|edge|topology|meta_path|metapath,1.0,1.0,1.0,0.83152174949646,0.0390625,0.6640625,0.05978262424468994,0.9444444444444444,109,109,27.7683584690094,True
results_ablation_acm_han_5seeds/ablation_ACM_HAN_clean_label_r0.200_seed4_20260515_001203.json,ACM,HAN,clean_label,4,wo_feature_signal,Full model without feature detection signals,0.2,10,0.8913043737411499,0.8260869383811951,0.06521743535995483,0.0703125,0.703125,0.6328125,True,True,True,0.2,1.0,feature|features|x|feature_anomaly|feature_shift|attribute,1.0,1.0,1.0,0.8097826242446899,0.078125,0.625,0.08152174949645996,0.8888888888888888,109,109,28.204378604888916,True
results_ablation_acm_han_5seeds/ablation_ACM_HAN_clean_label_r0.200_seed4_20260515_001203.json,ACM,HAN,clean_label,4,wo_embedding_signal,Full model without embedding/prediction detection signals,0.2,10,0.8913043737411499,0.8260869383811951,0.06521743535995483,0.0703125,0.703125,0.6328125,True,True,True,0.2,1.0,embedding|emb|representation|prediction|confidence|logit|posterior,1.0,1.0,1.0,0.864130437374115,0.015625,0.6875,0.027173936367034912,0.9777777777777777,109,109,28.112321138381958,True
results_ablation_acm_han_5seeds/ablation_ACM_HAN_clean_label_r0.200_seed4_20260515_001203.json,ACM,HAN,clean_label,4,wo_hard_removal,Full model without hard removal of suspicious training nodes,0.2,10,0.8913043737411499,0.8260869383811951,0.06521743535995483,0.0703125,0.703125,0.6328125,True,False,True,0.2,1.0,,1.0,1.0,1.0,0.8260869383811951,0.0859375,0.6171875,0.06521743535995483,0.8777777777777778,109,0,28.169437408447266,True
results_ablation_acm_han_5seeds/ablation_ACM_HAN_clean_label_r0.200_seed4_20260515_001203.json,ACM,HAN,clean_label,4,wo_trigger_purification,Full model without trigger purification / edge pruning,0.2,10,0.8913043737411499,0.8260869383811951,0.06521743535995483,0.0703125,0.703125,0.6328125,False,True,True,0.2,1.0,,1.0,1.0,1.0,0.8369565010070801,0.0390625,0.6640625,0.054347872734069824,0.9444444444444444,109,109,28.191646099090576,True
results_ablation_acm_han_5seeds/ablation_ACM_HAN_clean_label_r0.200_seed4_20260515_001203.json,ACM,HAN,clean_label,4,wo_trigger_unlearning,HeteroGuard-HR without trigger unlearning,0.2,10,0.8913043737411499,0.8260869383811951,0.06521743535995483,0.0703125,0.703125,0.6328125,True,True,False,0.0,0.0,,0.0,0.0,0.0,0.8586956262588501,0.1015625,0.6015625,0.032608747482299805,0.8555555555555555,87,87,19.41416049003601,True
results_ablation_acm_han_5seeds/ablation_ACM_HAN_clean_label_r0.200_seed4_20260515_001203.json,ACM,HAN,clean_label,4,wo_target_suppression,Full model without target-class probability suppression,0.2,10,0.8913043737411499,0.8260869383811951,0.06521743535995483,0.0703125,0.703125,0.6328125,True,True,True,0.0,1.0,,0.0,0.0,0.0,0.8260869383811951,0.03125,0.671875,0.06521743535995483,0.9555555555555556,87,87,28.060166120529175,True
results_ablation_acm_han_5seeds/ablation_ACM_HAN_clean_label_r0.200_seed4_20260515_001203.json,ACM,HAN,clean_label,4,only_hard_removal,Only hard-remove detected suspicious training nodes,0.2,10,0.8913043737411499,0.8260869383811951,0.06521743535995483,0.0703125,0.703125,0.6328125,False,True,False,0.0,0.0,,0.0,0.0,0.0,0.8260869383811951,0.1171875,0.5859375,0.06521743535995483,0.8333333333333334,87,87,19.61384630203247,True
results_ablation_acm_han_5seeds/ablation_ACM_HAN_clean_label_r0.200_seed4_20260515_001203.json,ACM,HAN,clean_label,4,only_unlearning,Only trigger unlearning without purification or hard removal,0.2,10,0.8913043737411499,0.8260869383811951,0.06521743535995483,0.0703125,0.703125,0.6328125,False,False,True,0.2,1.0,,0.0,0.0,0.0,0.8369565010070801,0.0078125,0.6953125,0.054347872734069824,0.9888888888888889,69,0,27.97915768623352,True
results_ablation_acm_han_5seeds/ablation_ACM_HAN_clean_label_r0.200_seed5_20260515_003342.json,ACM,HAN,clean_label,5,full,Full HeteroGuard-Unlearn,0.2,10,0.8913043737411499,0.7989130616188049,0.09239131212234497,0.078125,0.9921875,0.9140625,True,True,True,0.2,1.0,,1.0,1.0,1.0,0.8478260636329651,0.015625,0.9765625,0.043478310108184814,0.984251968503937,109,109,27.77026057243347,True
results_ablation_acm_han_5seeds/ablation_ACM_HAN_clean_label_r0.200_seed5_20260515_003342.json,ACM,HAN,clean_label,5,wo_structural_signal,Full model without structural detection signals,0.2,10,0.8913043737411499,0.7989130616188049,0.09239131212234497,0.078125,0.9921875,0.9140625,True,True,True,0.2,1.0,structural|structure|relation|degree|edge|topology|meta_path|metapath,1.0,1.0,1.0,0.8804348111152649,0.0234375,0.96875,0.01086956262588501,0.9763779527559056,109,109,28.180348873138428,True
results_ablation_acm_han_5seeds/ablation_ACM_HAN_clean_label_r0.200_seed5_20260515_003342.json,ACM,HAN,clean_label,5,wo_feature_signal,Full model without feature detection signals,0.2,10,0.8913043737411499,0.7989130616188049,0.09239131212234497,0.078125,0.9921875,0.9140625,True,True,True,0.2,1.0,feature|features|x|feature_anomaly|feature_shift|attribute,1.0,1.0,1.0,0.85326087474823,0.0234375,0.96875,0.03804349899291992,0.9763779527559056,109,109,27.97365403175354,True
results_ablation_acm_han_5seeds/ablation_ACM_HAN_clean_label_r0.200_seed5_20260515_003342.json,ACM,HAN,clean_label,5,wo_embedding_signal,Full model without embedding/prediction detection signals,0.2,10,0.8913043737411499,0.7989130616188049,0.09239131212234497,0.078125,0.9921875,0.9140625,True,True,True,0.2,1.0,embedding|emb|representation|prediction|confidence|logit|posterior,1.0,1.0,1.0,0.864130437374115,0.015625,0.9765625,0.027173936367034912,0.984251968503937,109,109,28.14623713493347,True
results_ablation_acm_han_5seeds/ablation_ACM_HAN_clean_label_r0.200_seed5_20260515_003342.json,ACM,HAN,clean_label,5,wo_hard_removal,Full model without hard removal of suspicious training nodes,0.2,10,0.8913043737411499,0.7989130616188049,0.09239131212234497,0.078125,0.9921875,0.9140625,True,False,True,0.2,1.0,,1.0,1.0,1.0,0.875,0.09375,0.8984375,0.016304373741149902,0.905511811023622,109,0,27.973515033721924,True
results_ablation_acm_han_5seeds/ablation_ACM_HAN_clean_label_r0.200_seed5_20260515_003342.json,ACM,HAN,clean_label,5,wo_trigger_purification,Full model without trigger purification / edge pruning,0.2,10,0.8913043737411499,0.7989130616188049,0.09239131212234497,0.078125,0.9921875,0.9140625,False,True,True,0.2,1.0,,1.0,1.0,1.0,0.83152174949646,0.046875,0.9453125,0.05978262424468994,0.952755905511811,109,109,27.807730674743652,True
results_ablation_acm_han_5seeds/ablation_ACM_HAN_clean_label_r0.200_seed5_20260515_003342.json,ACM,HAN,clean_label,5,wo_trigger_unlearning,HeteroGuard-HR without trigger unlearning,0.2,10,0.8913043737411499,0.7989130616188049,0.09239131212234497,0.078125,0.9921875,0.9140625,True,True,False,0.0,0.0,,0.0,0.0,0.0,0.864130437374115,0.1171875,0.875,0.027173936367034912,0.8818897637795275,87,87,19.176393508911133,True
results_ablation_acm_han_5seeds/ablation_ACM_HAN_clean_label_r0.200_seed5_20260515_003342.json,ACM,HAN,clean_label,5,wo_target_suppression,Full model without target-class probability suppression,0.2,10,0.8913043737411499,0.7989130616188049,0.09239131212234497,0.078125,0.9921875,0.9140625,True,True,True,0.0,1.0,,0.0,0.0,0.0,0.83152174949646,0.03125,0.9609375,0.05978262424468994,0.968503937007874,87,87,28.160977602005005,True
results_ablation_acm_han_5seeds/ablation_ACM_HAN_clean_label_r0.200_seed5_20260515_003342.json,ACM,HAN,clean_label,5,only_hard_removal,Only hard-remove detected suspicious training nodes,0.2,10,0.8913043737411499,0.7989130616188049,0.09239131212234497,0.078125,0.9921875,0.9140625,False,True,False,0.0,0.0,,0.0,0.0,0.0,0.842391312122345,0.1484375,0.84375,0.04891306161880493,0.8503937007874016,87,87,19.667798280715942,True
results_ablation_acm_han_5seeds/ablation_ACM_HAN_clean_label_r0.200_seed5_20260515_003342.json,ACM,HAN,clean_label,5,only_unlearning,Only trigger unlearning without purification or hard removal,0.2,10,0.8913043737411499,0.7989130616188049,0.09239131212234497,0.078125,0.9921875,0.9140625,False,False,True,0.2,1.0,,0.0,0.0,0.0,0.8260869383811951,0.0234375,0.96875,0.06521743535995483,0.9763779527559056,69,0,28.064579248428345,True
results_ablation_acm_han_5seeds/ablation_ACM_HAN_relation_r0.200_seed1_20260514_230138.json,ACM,HAN,relation,1,full,Full HeteroGuard-Unlearn,0.2,10,0.885869562625885,0.70652174949646,0.17934781312942505,0.09375,1.0,0.90625,True,True,True,0.2,1.0,,1.0,1.0,1.0,0.8695651888847351,0.0,1.0,0.016304373741149902,1.0,109,109,28.055495977401733,True
results_ablation_acm_han_5seeds/ablation_ACM_HAN_relation_r0.200_seed1_20260514_230138.json,ACM,HAN,relation,1,wo_structural_signal,Full model without structural detection signals,0.2,10,0.885869562625885,0.70652174949646,0.17934781312942505,0.09375,1.0,0.90625,True,True,True,0.2,1.0,structural|structure|relation|degree|edge|topology|meta_path|metapath,1.0,1.0,1.0,0.875,0.015625,0.984375,0.01086956262588501,0.984375,109,109,28.125092029571533,True
results_ablation_acm_han_5seeds/ablation_ACM_HAN_relation_r0.200_seed1_20260514_230138.json,ACM,HAN,relation,1,wo_feature_signal,Full model without feature detection signals,0.2,10,0.885869562625885,0.70652174949646,0.17934781312942505,0.09375,1.0,0.90625,True,True,True,0.2,1.0,feature|features|x|feature_anomaly|feature_shift|attribute,1.0,1.0,1.0,0.8913043737411499,0.015625,0.984375,-0.005434811115264893,0.984375,109,109,28.113063097000122,True
results_ablation_acm_han_5seeds/ablation_ACM_HAN_relation_r0.200_seed1_20260514_230138.json,ACM,HAN,relation,1,wo_embedding_signal,Full model without embedding/prediction detection signals,0.2,10,0.885869562625885,0.70652174949646,0.17934781312942505,0.09375,1.0,0.90625,True,True,True,0.2,1.0,embedding|emb|representation|prediction|confidence|logit|posterior,1.0,1.0,1.0,0.8804348111152649,0.0,1.0,0.005434751510620117,1.0,109,109,27.625385522842407,True
results_ablation_acm_han_5seeds/ablation_ACM_HAN_relation_r0.200_seed1_20260514_230138.json,ACM,HAN,relation,1,wo_hard_removal,Full model without hard removal of suspicious training nodes,0.2,10,0.885869562625885,0.70652174949646,0.17934781312942505,0.09375,1.0,0.90625,True,False,True,0.2,1.0,,1.0,1.0,1.0,0.8695651888847351,0.015625,0.984375,0.016304373741149902,0.984375,109,0,27.918699741363525,True
results_ablation_acm_han_5seeds/ablation_ACM_HAN_relation_r0.200_seed1_20260514_230138.json,ACM,HAN,relation,1,wo_trigger_purification,Full model without trigger purification / edge pruning,0.2,10,0.885869562625885,0.70652174949646,0.17934781312942505,0.09375,1.0,0.90625,False,True,True,0.2,1.0,,1.0,1.0,1.0,0.8695651888847351,0.0,1.0,0.016304373741149902,1.0,109,109,28.54442071914673,True
results_ablation_acm_han_5seeds/ablation_ACM_HAN_relation_r0.200_seed1_20260514_230138.json,ACM,HAN,relation,1,wo_trigger_unlearning,HeteroGuard-HR without trigger unlearning,0.2,10,0.885869562625885,0.70652174949646,0.17934781312942505,0.09375,1.0,0.90625,True,True,False,0.0,0.0,,0.0,0.0,0.0,0.85326087474823,0.1015625,0.8984375,0.03260868787765503,0.8984375,87,87,18.94778823852539,True
results_ablation_acm_han_5seeds/ablation_ACM_HAN_relation_r0.200_seed1_20260514_230138.json,ACM,HAN,relation,1,wo_target_suppression,Full model without target-class probability suppression,0.2,10,0.885869562625885,0.70652174949646,0.17934781312942505,0.09375,1.0,0.90625,True,True,True,0.0,1.0,,0.0,0.0,0.0,0.85326087474823,0.0078125,0.9921875,0.03260868787765503,0.9921875,87,87,27.91777729988098,True
results_ablation_acm_han_5seeds/ablation_ACM_HAN_relation_r0.200_seed1_20260514_230138.json,ACM,HAN,relation,1,only_hard_removal,Only hard-remove detected suspicious training nodes,0.2,10,0.885869562625885,0.70652174949646,0.17934781312942505,0.09375,1.0,0.90625,False,True,False,0.0,0.0,,0.0,0.0,0.0,0.8804348111152649,0.125,0.875,0.005434751510620117,0.875,87,87,19.328751802444458,True
results_ablation_acm_han_5seeds/ablation_ACM_HAN_relation_r0.200_seed1_20260514_230138.json,ACM,HAN,relation,1,only_unlearning,Only trigger unlearning without purification or hard removal,0.2,10,0.885869562625885,0.70652174949646,0.17934781312942505,0.09375,1.0,0.90625,False,False,True,0.2,1.0,,0.0,0.0,0.0,0.885869562625885,0.0,1.0,0.0,1.0,69,0,28.128093481063843,True
results_ablation_acm_han_5seeds/ablation_ACM_HAN_relation_r0.200_seed2_20260514_232324.json,ACM,HAN,relation,2,full,Full HeteroGuard-Unlearn,0.2,10,0.8804348111152649,0.7554348111152649,0.125,0.0625,0.96875,0.90625,True,True,True,0.2,1.0,,1.0,1.0,1.0,0.864130437374115,0.0234375,0.9453125,0.016304373741149902,0.9758064516129032,109,109,28.164806842803955,True
results_ablation_acm_han_5seeds/ablation_ACM_HAN_relation_r0.200_seed2_20260514_232324.json,ACM,HAN,relation,2,wo_structural_signal,Full model without structural detection signals,0.2,10,0.8804348111152649,0.7554348111152649,0.125,0.0625,0.96875,0.90625,True,True,True,0.2,1.0,structural|structure|relation|degree|edge|topology|meta_path|metapath,1.0,1.0,1.0,0.8586956262588501,0.0078125,0.9609375,0.021739184856414795,0.9919354838709677,109,109,28.01426935195923,True
results_ablation_acm_han_5seeds/ablation_ACM_HAN_relation_r0.200_seed2_20260514_232324.json,ACM,HAN,relation,2,wo_feature_signal,Full model without feature detection signals,0.2,10,0.8804348111152649,0.7554348111152649,0.125,0.0625,0.96875,0.90625,True,True,True,0.2,1.0,feature|features|x|feature_anomaly|feature_shift|attribute,1.0,1.0,1.0,0.864130437374115,0.015625,0.953125,0.016304373741149902,0.9838709677419355,109,109,27.909247159957886,True
results_ablation_acm_han_5seeds/ablation_ACM_HAN_relation_r0.200_seed2_20260514_232324.json,ACM,HAN,relation,2,wo_embedding_signal,Full model without embedding/prediction detection signals,0.2,10,0.8804348111152649,0.7554348111152649,0.125,0.0625,0.96875,0.90625,True,True,True,0.2,1.0,embedding|emb|representation|prediction|confidence|logit|posterior,1.0,1.0,1.0,0.8913043737411499,0.015625,0.953125,-0.01086956262588501,0.9838709677419355,109,109,27.768270254135132,True
results_ablation_acm_han_5seeds/ablation_ACM_HAN_relation_r0.200_seed2_20260514_232324.json,ACM,HAN,relation,2,wo_hard_removal,Full model without hard removal of suspicious training nodes,0.2,10,0.8804348111152649,0.7554348111152649,0.125,0.0625,0.96875,0.90625,True,False,True,0.2,1.0,,1.0,1.0,1.0,0.8152173757553101,0.09375,0.875,0.06521743535995483,0.9032258064516129,109,0,27.96516704559326,True
results_ablation_acm_han_5seeds/ablation_ACM_HAN_relation_r0.200_seed2_20260514_232324.json,ACM,HAN,relation,2,wo_trigger_purification,Full model without trigger purification / edge pruning,0.2,10,0.8804348111152649,0.7554348111152649,0.125,0.0625,0.96875,0.90625,False,True,True,0.2,1.0,,1.0,1.0,1.0,0.8586956262588501,0.015625,0.953125,0.021739184856414795,0.9838709677419355,109,109,28.083412408828735,True
results_ablation_acm_han_5seeds/ablation_ACM_HAN_relation_r0.200_seed2_20260514_232324.json,ACM,HAN,relation,2,wo_trigger_unlearning,HeteroGuard-HR without trigger unlearning,0.2,10,0.8804348111152649,0.7554348111152649,0.125,0.0625,0.96875,0.90625,True,True,False,0.0,0.0,,0.0,0.0,0.0,0.885869562625885,0.1171875,0.8515625,-0.005434751510620117,0.8790322580645161,87,87,19.368832111358643,True
results_ablation_acm_han_5seeds/ablation_ACM_HAN_relation_r0.200_seed2_20260514_232324.json,ACM,HAN,relation,2,wo_target_suppression,Full model without target-class probability suppression,0.2,10,0.8804348111152649,0.7554348111152649,0.125,0.0625,0.96875,0.90625,True,True,True,0.0,1.0,,0.0,0.0,0.0,0.885869562625885,0.0078125,0.9609375,-0.005434751510620117,0.9919354838709677,87,87,27.78631830215454,True
results_ablation_acm_han_5seeds/ablation_ACM_HAN_relation_r0.200_seed2_20260514_232324.json,ACM,HAN,relation,2,only_hard_removal,Only hard-remove detected suspicious training nodes,0.2,10,0.8804348111152649,0.7554348111152649,0.125,0.0625,0.96875,0.90625,False,True,False,0.0,0.0,,0.0,0.0,0.0,0.8695651888847351,0.171875,0.796875,0.010869622230529785,0.8225806451612904,87,87,19.24669623374939,True
results_ablation_acm_han_5seeds/ablation_ACM_HAN_relation_r0.200_seed2_20260514_232324.json,ACM,HAN,relation,2,only_unlearning,Only trigger unlearning without purification or hard removal,0.2,10,0.8804348111152649,0.7554348111152649,0.125,0.0625,0.96875,0.90625,False,False,True,0.2,1.0,,0.0,0.0,0.0,0.885869562625885,0.0078125,0.9609375,-0.005434751510620117,0.9919354838709677,69,0,27.658379793167114,True
results_ablation_acm_han_5seeds/ablation_ACM_HAN_relation_r0.200_seed3_20260514_234511.json,ACM,HAN,relation,3,full,Full HeteroGuard-Unlearn,0.2,10,0.885869562625885,0.5163043737411499,0.3695651888847351,0.0703125,1.0,0.9296875,True,True,True,0.2,1.0,,1.0,1.0,1.0,0.8695651888847351,0.0,1.0,0.016304373741149902,1.0,109,109,27.8038547039032,True
results_ablation_acm_han_5seeds/ablation_ACM_HAN_relation_r0.200_seed3_20260514_234511.json,ACM,HAN,relation,3,wo_structural_signal,Full model without structural detection signals,0.2,10,0.885869562625885,0.5163043737411499,0.3695651888847351,0.0703125,1.0,0.9296875,True,True,True,0.2,1.0,structural|structure|relation|degree|edge|topology|meta_path|metapath,1.0,1.0,1.0,0.8586956262588501,0.046875,0.953125,0.027173936367034912,0.953125,109,109,28.024017810821533,True
results_ablation_acm_han_5seeds/ablation_ACM_HAN_relation_r0.200_seed3_20260514_234511.json,ACM,HAN,relation,3,wo_feature_signal,Full model without feature detection signals,0.2,10,0.885869562625885,0.5163043737411499,0.3695651888847351,0.0703125,1.0,0.9296875,True,True,True,0.2,1.0,feature|features|x|feature_anomaly|feature_shift|attribute,1.0,1.0,1.0,0.8586956262588501,0.0078125,0.9921875,0.027173936367034912,0.9921875,109,109,27.941354751586914,True
results_ablation_acm_han_5seeds/ablation_ACM_HAN_relation_r0.200_seed3_20260514_234511.json,ACM,HAN,relation,3,wo_embedding_signal,Full model without embedding/prediction detection signals,0.2,10,0.885869562625885,0.5163043737411499,0.3695651888847351,0.0703125,1.0,0.9296875,True,True,True,0.2,1.0,embedding|emb|representation|prediction|confidence|logit|posterior,1.0,1.0,1.0,0.8804348111152649,0.0078125,0.9921875,0.005434751510620117,0.9921875,109,109,27.90966773033142,True
results_ablation_acm_han_5seeds/ablation_ACM_HAN_relation_r0.200_seed3_20260514_234511.json,ACM,HAN,relation,3,wo_hard_removal,Full model without hard removal of suspicious training nodes,0.2,10,0.885869562625885,0.5163043737411499,0.3695651888847351,0.0703125,1.0,0.9296875,True,False,True,0.2,1.0,,1.0,1.0,1.0,0.842391312122345,0.1015625,0.8984375,0.04347825050354004,0.8984375,109,0,28.05484127998352,True
results_ablation_acm_han_5seeds/ablation_ACM_HAN_relation_r0.200_seed3_20260514_234511.json,ACM,HAN,relation,3,wo_trigger_purification,Full model without trigger purification / edge pruning,0.2,10,0.885869562625885,0.5163043737411499,0.3695651888847351,0.0703125,1.0,0.9296875,False,True,True,0.2,1.0,,1.0,1.0,1.0,0.8913043737411499,0.0234375,0.9765625,-0.005434811115264893,0.9765625,109,109,28.25478982925415,True
results_ablation_acm_han_5seeds/ablation_ACM_HAN_relation_r0.200_seed3_20260514_234511.json,ACM,HAN,relation,3,wo_trigger_unlearning,HeteroGuard-HR without trigger unlearning,0.2,10,0.885869562625885,0.5163043737411499,0.3695651888847351,0.0703125,1.0,0.9296875,True,True,False,0.0,0.0,,0.0,0.0,0.0,0.8913043737411499,0.125,0.875,-0.005434811115264893,0.875,87,87,19.275970697402954,True
results_ablation_acm_han_5seeds/ablation_ACM_HAN_relation_r0.200_seed3_20260514_234511.json,ACM,HAN,relation,3,wo_target_suppression,Full model without target-class probability suppression,0.2,10,0.885869562625885,0.5163043737411499,0.3695651888847351,0.0703125,1.0,0.9296875,True,True,True,0.0,1.0,,0.0,0.0,0.0,0.875,0.0,1.0,0.01086956262588501,1.0,87,87,27.992658376693726,True
results_ablation_acm_han_5seeds/ablation_ACM_HAN_relation_r0.200_seed3_20260514_234511.json,ACM,HAN,relation,3,only_hard_removal,Only hard-remove detected suspicious training nodes,0.2,10,0.885869562625885,0.5163043737411499,0.3695651888847351,0.0703125,1.0,0.9296875,False,True,False,0.0,0.0,,0.0,0.0,0.0,0.875,0.15625,0.84375,0.01086956262588501,0.84375,87,87,19.61539125442505,True
results_ablation_acm_han_5seeds/ablation_ACM_HAN_relation_r0.200_seed3_20260514_234511.json,ACM,HAN,relation,3,only_unlearning,Only trigger unlearning without purification or hard removal,0.2,10,0.885869562625885,0.5163043737411499,0.3695651888847351,0.0703125,1.0,0.9296875,False,False,True,0.2,1.0,,0.0,0.0,0.0,0.8695651888847351,0.0078125,0.9921875,0.016304373741149902,0.9921875,69,0,28.224624395370483,True
results_ablation_acm_han_5seeds/ablation_ACM_HAN_relation_r0.200_seed4_20260515_000650.json,ACM,HAN,relation,4,full,Full HeteroGuard-Unlearn,0.2,10,0.8913043737411499,0.842391312122345,0.04891306161880493,0.0703125,1.0,0.9296875,True,True,True,0.2,1.0,,1.0,1.0,1.0,0.885869562625885,0.015625,0.984375,0.005434811115264893,0.984375,109,109,27.803604125976562,True
results_ablation_acm_han_5seeds/ablation_ACM_HAN_relation_r0.200_seed4_20260515_000650.json,ACM,HAN,relation,4,wo_structural_signal,Full model without structural detection signals,0.2,10,0.8913043737411499,0.842391312122345,0.04891306161880493,0.0703125,1.0,0.9296875,True,True,True,0.2,1.0,structural|structure|relation|degree|edge|topology|meta_path|metapath,1.0,1.0,1.0,0.875,0.015625,0.984375,0.016304373741149902,0.984375,109,109,27.82630228996277,True
results_ablation_acm_han_5seeds/ablation_ACM_HAN_relation_r0.200_seed4_20260515_000650.json,ACM,HAN,relation,4,wo_feature_signal,Full model without feature detection signals,0.2,10,0.8913043737411499,0.842391312122345,0.04891306161880493,0.0703125,1.0,0.9296875,True,True,True,0.2,1.0,feature|features|x|feature_anomaly|feature_shift|attribute,1.0,1.0,1.0,0.864130437374115,0.0234375,0.9765625,0.027173936367034912,0.9765625,109,109,27.8066885471344,True
results_ablation_acm_han_5seeds/ablation_ACM_HAN_relation_r0.200_seed4_20260515_000650.json,ACM,HAN,relation,4,wo_embedding_signal,Full model without embedding/prediction detection signals,0.2,10,0.8913043737411499,0.842391312122345,0.04891306161880493,0.0703125,1.0,0.9296875,True,True,True,0.2,1.0,embedding|emb|representation|prediction|confidence|logit|posterior,1.0,1.0,1.0,0.8913043737411499,0.0,1.0,0.0,1.0,109,109,27.667989253997803,True
results_ablation_acm_han_5seeds/ablation_ACM_HAN_relation_r0.200_seed4_20260515_000650.json,ACM,HAN,relation,4,wo_hard_removal,Full model without hard removal of suspicious training nodes,0.2,10,0.8913043737411499,0.842391312122345,0.04891306161880493,0.0703125,1.0,0.9296875,True,False,True,0.2,1.0,,1.0,1.0,1.0,0.842391312122345,0.0,1.0,0.04891306161880493,1.0,109,0,27.673158645629883,True
results_ablation_acm_han_5seeds/ablation_ACM_HAN_relation_r0.200_seed4_20260515_000650.json,ACM,HAN,relation,4,wo_trigger_purification,Full model without trigger purification / edge pruning,0.2,10,0.8913043737411499,0.842391312122345,0.04891306161880493,0.0703125,1.0,0.9296875,False,True,True,0.2,1.0,,1.0,1.0,1.0,0.8586956262588501,0.0078125,0.9921875,0.032608747482299805,0.9921875,109,109,27.578795671463013,True
results_ablation_acm_han_5seeds/ablation_ACM_HAN_relation_r0.200_seed4_20260515_000650.json,ACM,HAN,relation,4,wo_trigger_unlearning,HeteroGuard-HR without trigger unlearning,0.2,10,0.8913043737411499,0.842391312122345,0.04891306161880493,0.0703125,1.0,0.9296875,True,True,False,0.0,0.0,,0.0,0.0,0.0,0.875,0.1875,0.8125,0.016304373741149902,0.8125,87,87,19.0683274269104,True
results_ablation_acm_han_5seeds/ablation_ACM_HAN_relation_r0.200_seed4_20260515_000650.json,ACM,HAN,relation,4,wo_target_suppression,Full model without target-class probability suppression,0.2,10,0.8913043737411499,0.842391312122345,0.04891306161880493,0.0703125,1.0,0.9296875,True,True,True,0.0,1.0,,0.0,0.0,0.0,0.842391312122345,0.0,1.0,0.04891306161880493,1.0,87,87,27.164936542510986,True
results_ablation_acm_han_5seeds/ablation_ACM_HAN_relation_r0.200_seed4_20260515_000650.json,ACM,HAN,relation,4,only_hard_removal,Only hard-remove detected suspicious training nodes,0.2,10,0.8913043737411499,0.842391312122345,0.04891306161880493,0.0703125,1.0,0.9296875,False,True,False,0.0,0.0,,0.0,0.0,0.0,0.8804348111152649,0.1328125,0.8671875,0.01086956262588501,0.8671875,87,87,18.851417064666748,True
results_ablation_acm_han_5seeds/ablation_ACM_HAN_relation_r0.200_seed4_20260515_000650.json,ACM,HAN,relation,4,only_unlearning,Only trigger unlearning without purification or hard removal,0.2,10,0.8913043737411499,0.842391312122345,0.04891306161880493,0.0703125,1.0,0.9296875,False,False,True,0.2,1.0,,0.0,0.0,0.0,0.8913043737411499,0.0,1.0,0.0,1.0,69,0,27.634641647338867,True
results_ablation_acm_han_5seeds/ablation_ACM_HAN_relation_r0.200_seed5_20260515_002828.json,ACM,HAN,relation,5,full,Full HeteroGuard-Unlearn,0.2,10,0.8913043737411499,0.820652186870575,0.07065218687057495,0.078125,1.0,0.921875,True,True,True,0.2,1.0,,1.0,1.0,1.0,0.875,0.0234375,0.9765625,0.016304373741149902,0.9765625,109,109,27.482802867889404,True
results_ablation_acm_han_5seeds/ablation_ACM_HAN_relation_r0.200_seed5_20260515_002828.json,ACM,HAN,relation,5,wo_structural_signal,Full model without structural detection signals,0.2,10,0.8913043737411499,0.820652186870575,0.07065218687057495,0.078125,1.0,0.921875,True,True,True,0.2,1.0,structural|structure|relation|degree|edge|topology|meta_path|metapath,1.0,1.0,1.0,0.864130437374115,0.0,1.0,0.027173936367034912,1.0,109,109,27.703117847442627,True
results_ablation_acm_han_5seeds/ablation_ACM_HAN_relation_r0.200_seed5_20260515_002828.json,ACM,HAN,relation,5,wo_feature_signal,Full model without feature detection signals,0.2,10,0.8913043737411499,0.820652186870575,0.07065218687057495,0.078125,1.0,0.921875,True,True,True,0.2,1.0,feature|features|x|feature_anomaly|feature_shift|attribute,1.0,1.0,1.0,0.8695651888847351,0.0078125,0.9921875,0.021739184856414795,0.9921875,109,109,27.537353515625,True
results_ablation_acm_han_5seeds/ablation_ACM_HAN_relation_r0.200_seed5_20260515_002828.json,ACM,HAN,relation,5,wo_embedding_signal,Full model without embedding/prediction detection signals,0.2,10,0.8913043737411499,0.820652186870575,0.07065218687057495,0.078125,1.0,0.921875,True,True,True,0.2,1.0,embedding|emb|representation|prediction|confidence|logit|posterior,1.0,1.0,1.0,0.8804348111152649,0.015625,0.984375,0.01086956262588501,0.984375,109,109,27.848475456237793,True
results_ablation_acm_han_5seeds/ablation_ACM_HAN_relation_r0.200_seed5_20260515_002828.json,ACM,HAN,relation,5,wo_hard_removal,Full model without hard removal of suspicious training nodes,0.2,10,0.8913043737411499,0.820652186870575,0.07065218687057495,0.078125,1.0,0.921875,True,False,True,0.2,1.0,,1.0,1.0,1.0,0.864130437374115,0.03125,0.96875,0.027173936367034912,0.96875,109,0,27.82646155357361,True
results_ablation_acm_han_5seeds/ablation_ACM_HAN_relation_r0.200_seed5_20260515_002828.json,ACM,HAN,relation,5,wo_trigger_purification,Full model without trigger purification / edge pruning,0.2,10,0.8913043737411499,0.820652186870575,0.07065218687057495,0.078125,1.0,0.921875,False,True,True,0.2,1.0,,1.0,1.0,1.0,0.875,0.0078125,0.9921875,0.016304373741149902,0.9921875,109,109,27.871509552001953,True
results_ablation_acm_han_5seeds/ablation_ACM_HAN_relation_r0.200_seed5_20260515_002828.json,ACM,HAN,relation,5,wo_trigger_unlearning,HeteroGuard-HR without trigger unlearning,0.2,10,0.8913043737411499,0.820652186870575,0.07065218687057495,0.078125,1.0,0.921875,True,True,False,0.0,0.0,,0.0,0.0,0.0,0.875,0.171875,0.828125,0.016304373741149902,0.828125,87,87,19.188157081604004,True
results_ablation_acm_han_5seeds/ablation_ACM_HAN_relation_r0.200_seed5_20260515_002828.json,ACM,HAN,relation,5,wo_target_suppression,Full model without target-class probability suppression,0.2,10,0.8913043737411499,0.820652186870575,0.07065218687057495,0.078125,1.0,0.921875,True,True,True,0.0,1.0,,0.0,0.0,0.0,0.864130437374115,0.0,1.0,0.027173936367034912,1.0,87,87,27.361294984817505,True
results_ablation_acm_han_5seeds/ablation_ACM_HAN_relation_r0.200_seed5_20260515_002828.json,ACM,HAN,relation,5,only_hard_removal,Only hard-remove detected suspicious training nodes,0.2,10,0.8913043737411499,0.820652186870575,0.07065218687057495,0.078125,1.0,0.921875,False,True,False,0.0,0.0,,0.0,0.0,0.0,0.875,0.125,0.875,0.016304373741149902,0.875,87,87,19.060810089111328,True
results_ablation_acm_han_5seeds/ablation_ACM_HAN_relation_r0.200_seed5_20260515_002828.json,ACM,HAN,relation,5,only_unlearning,Only trigger unlearning without purification or hard removal,0.2,10,0.8913043737411499,0.820652186870575,0.07065218687057495,0.078125,1.0,0.921875,False,False,True,0.2,1.0,,0.0,0.0,0.0,0.875,0.0,1.0,0.016304373741149902,1.0,69,0,27.890228748321533,True
results_ablation_acm_han_5seeds/ablation_ACM_HAN_uba_r0.200_seed1_20260514_225622.json,ACM,HAN,uba,1,full,Full HeteroGuard-Unlearn,0.2,10,0.885869562625885,0.820652186870575,0.06521737575531006,0.09375,1.0,0.90625,True,True,True,0.2,1.0,,1.0,1.0,1.0,0.8913043737411499,0.0,1.0,-0.005434811115264893,1.0,109,109,30.111676931381226,True
results_ablation_acm_han_5seeds/ablation_ACM_HAN_uba_r0.200_seed1_20260514_225622.json,ACM,HAN,uba,1,wo_structural_signal,Full model without structural detection signals,0.2,10,0.885869562625885,0.820652186870575,0.06521737575531006,0.09375,1.0,0.90625,True,True,True,0.2,1.0,structural|structure|relation|degree|edge|topology|meta_path|metapath,1.0,1.0,1.0,0.8804348111152649,0.0078125,0.9921875,0.005434751510620117,0.9921875,109,109,30.229113340377808,True
results_ablation_acm_han_5seeds/ablation_ACM_HAN_uba_r0.200_seed1_20260514_225622.json,ACM,HAN,uba,1,wo_feature_signal,Full model without feature detection signals,0.2,10,0.885869562625885,0.820652186870575,0.06521737575531006,0.09375,1.0,0.90625,True,True,True,0.2,1.0,feature|features|x|feature_anomaly|feature_shift|attribute,1.0,1.0,1.0,0.8804348111152649,0.0078125,0.9921875,0.005434751510620117,0.9921875,109,109,30.10923457145691,True
results_ablation_acm_han_5seeds/ablation_ACM_HAN_uba_r0.200_seed1_20260514_225622.json,ACM,HAN,uba,1,wo_embedding_signal,Full model without embedding/prediction detection signals,0.2,10,0.885869562625885,0.820652186870575,0.06521737575531006,0.09375,1.0,0.90625,True,True,True,0.2,1.0,embedding|emb|representation|prediction|confidence|logit|posterior,1.0,1.0,1.0,0.8804348111152649,0.0078125,0.9921875,0.005434751510620117,0.9921875,109,109,29.924237489700317,True
results_ablation_acm_han_5seeds/ablation_ACM_HAN_uba_r0.200_seed1_20260514_225622.json,ACM,HAN,uba,1,wo_hard_removal,Full model without hard removal of suspicious training nodes,0.2,10,0.885869562625885,0.820652186870575,0.06521737575531006,0.09375,1.0,0.90625,True,False,True,0.2,1.0,,1.0,1.0,1.0,0.85326087474823,0.046875,0.953125,0.03260868787765503,0.953125,109,0,30.09642767906189,True
results_ablation_acm_han_5seeds/ablation_ACM_HAN_uba_r0.200_seed1_20260514_225622.json,ACM,HAN,uba,1,wo_trigger_purification,Full model without trigger purification / edge pruning,0.2,10,0.885869562625885,0.820652186870575,0.06521737575531006,0.09375,1.0,0.90625,False,True,True,0.2,1.0,,1.0,1.0,1.0,0.8695651888847351,0.0078125,0.9921875,0.016304373741149902,0.9921875,109,109,31.47943615913391,True
results_ablation_acm_han_5seeds/ablation_ACM_HAN_uba_r0.200_seed1_20260514_225622.json,ACM,HAN,uba,1,wo_trigger_unlearning,HeteroGuard-HR without trigger unlearning,0.2,10,0.885869562625885,0.820652186870575,0.06521737575531006,0.09375,1.0,0.90625,True,True,False,0.0,0.0,,0.0,0.0,0.0,0.8804348111152649,0.125,0.875,0.005434751510620117,0.875,87,87,20.030232906341553,True
results_ablation_acm_han_5seeds/ablation_ACM_HAN_uba_r0.200_seed1_20260514_225622.json,ACM,HAN,uba,1,wo_target_suppression,Full model without target-class probability suppression,0.2,10,0.885869562625885,0.820652186870575,0.06521737575531006,0.09375,1.0,0.90625,True,True,True,0.0,1.0,,0.0,0.0,0.0,0.89673912525177,0.0078125,0.9921875,-0.01086956262588501,0.9921875,87,87,30.149914264678955,True
results_ablation_acm_han_5seeds/ablation_ACM_HAN_uba_r0.200_seed1_20260514_225622.json,ACM,HAN,uba,1,only_hard_removal,Only hard-remove detected suspicious training nodes,0.2,10,0.885869562625885,0.820652186870575,0.06521737575531006,0.09375,1.0,0.90625,False,True,False,0.0,0.0,,0.0,0.0,0.0,0.864130437374115,0.125,0.875,0.02173912525177002,0.875,87,87,21.171485424041748,True
results_ablation_acm_han_5seeds/ablation_ACM_HAN_uba_r0.200_seed1_20260514_225622.json,ACM,HAN,uba,1,only_unlearning,Only trigger unlearning without purification or hard removal,0.2,10,0.885869562625885,0.820652186870575,0.06521737575531006,0.09375,1.0,0.90625,False,False,True,0.2,1.0,,0.0,0.0,0.0,0.8586956262588501,0.015625,0.984375,0.027173936367034912,0.984375,69,0,31.533184051513672,True
results_ablation_acm_han_5seeds/ablation_ACM_HAN_uba_r0.200_seed2_20260514_231812.json,ACM,HAN,uba,2,full,Full HeteroGuard-Unlearn,0.2,10,0.8804348111152649,0.7771739363670349,0.10326087474822998,0.0859375,0.984375,0.8984375,True,True,True,0.2,1.0,,1.0,1.0,1.0,0.907608687877655,0.0078125,0.9765625,-0.027173876762390137,0.9920634920634921,109,109,30.004192352294922,True
results_ablation_acm_han_5seeds/ablation_ACM_HAN_uba_r0.200_seed2_20260514_231812.json,ACM,HAN,uba,2,wo_structural_signal,Full model without structural detection signals,0.2,10,0.8804348111152649,0.7771739363670349,0.10326087474822998,0.0859375,0.984375,0.8984375,True,True,True,0.2,1.0,structural|structure|relation|degree|edge|topology|meta_path|metapath,1.0,1.0,1.0,0.875,0.0078125,0.9765625,0.005434811115264893,0.9920634920634921,109,109,30.382395267486572,True
results_ablation_acm_han_5seeds/ablation_ACM_HAN_uba_r0.200_seed2_20260514_231812.json,ACM,HAN,uba,2,wo_feature_signal,Full model without feature detection signals,0.2,10,0.8804348111152649,0.7771739363670349,0.10326087474822998,0.0859375,0.984375,0.8984375,True,True,True,0.2,1.0,feature|features|x|feature_anomaly|feature_shift|attribute,1.0,1.0,1.0,0.85326087474823,0.015625,0.96875,0.027173936367034912,0.9841269841269841,109,109,30.330523252487183,True
results_ablation_acm_han_5seeds/ablation_ACM_HAN_uba_r0.200_seed2_20260514_231812.json,ACM,HAN,uba,2,wo_embedding_signal,Full model without embedding/prediction detection signals,0.2,10,0.8804348111152649,0.7771739363670349,0.10326087474822998,0.0859375,0.984375,0.8984375,True,True,True,0.2,1.0,embedding|emb|representation|prediction|confidence|logit|posterior,1.0,1.0,1.0,0.875,0.015625,0.96875,0.005434811115264893,0.9841269841269841,109,109,29.99159526824951,True
results_ablation_acm_han_5seeds/ablation_ACM_HAN_uba_r0.200_seed2_20260514_231812.json,ACM,HAN,uba,2,wo_hard_removal,Full model without hard removal of suspicious training nodes,0.2,10,0.8804348111152649,0.7771739363670349,0.10326087474822998,0.0859375,0.984375,0.8984375,True,False,True,0.2,1.0,,1.0,1.0,1.0,0.8369565010070801,0.1171875,0.8671875,0.043478310108184814,0.8809523809523809,109,0,30.159780740737915,True
results_ablation_acm_han_5seeds/ablation_ACM_HAN_uba_r0.200_seed2_20260514_231812.json,ACM,HAN,uba,2,wo_trigger_purification,Full model without trigger purification / edge pruning,0.2,10,0.8804348111152649,0.7771739363670349,0.10326087474822998,0.0859375,0.984375,0.8984375,False,True,True,0.2,1.0,,1.0,1.0,1.0,0.8804348111152649,0.015625,0.96875,0.0,0.9841269841269841,109,109,31.023935079574585,True
results_ablation_acm_han_5seeds/ablation_ACM_HAN_uba_r0.200_seed2_20260514_231812.json,ACM,HAN,uba,2,wo_trigger_unlearning,HeteroGuard-HR without trigger unlearning,0.2,10,0.8804348111152649,0.7771739363670349,0.10326087474822998,0.0859375,0.984375,0.8984375,True,True,False,0.0,0.0,,0.0,0.0,0.0,0.885869562625885,0.1171875,0.8671875,-0.005434751510620117,0.8809523809523809,87,87,20.028589963912964,True
results_ablation_acm_han_5seeds/ablation_ACM_HAN_uba_r0.200_seed2_20260514_231812.json,ACM,HAN,uba,2,wo_target_suppression,Full model without target-class probability suppression,0.2,10,0.8804348111152649,0.7771739363670349,0.10326087474822998,0.0859375,0.984375,0.8984375,True,True,True,0.0,1.0,,0.0,0.0,0.0,0.8695651888847351,0.015625,0.96875,0.010869622230529785,0.9841269841269841,87,87,29.949174404144287,True
results_ablation_acm_han_5seeds/ablation_ACM_HAN_uba_r0.200_seed2_20260514_231812.json,ACM,HAN,uba,2,only_hard_removal,Only hard-remove detected suspicious training nodes,0.2,10,0.8804348111152649,0.7771739363670349,0.10326087474822998,0.0859375,0.984375,0.8984375,False,True,False,0.0,0.0,,0.0,0.0,0.0,0.8804348111152649,0.09375,0.890625,0.0,0.9047619047619048,87,87,21.309351682662964,True
results_ablation_acm_han_5seeds/ablation_ACM_HAN_uba_r0.200_seed2_20260514_231812.json,ACM,HAN,uba,2,only_unlearning,Only trigger unlearning without purification or hard removal,0.2,10,0.8804348111152649,0.7771739363670349,0.10326087474822998,0.0859375,0.984375,0.8984375,False,False,True,0.2,1.0,,0.0,0.0,0.0,0.8586956262588501,0.0,0.984375,0.021739184856414795,1.0,69,0,30.89438271522522,True
results_ablation_acm_han_5seeds/ablation_ACM_HAN_uba_r0.200_seed3_20260514_233955.json,ACM,HAN,uba,3,full,Full HeteroGuard-Unlearn,0.2,10,0.885869562625885,0.30434781312942505,0.58152174949646,0.0703125,1.0,0.9296875,True,True,True,0.2,1.0,,1.0,1.0,1.0,0.8804348111152649,0.0234375,0.9765625,0.005434751510620117,0.9765625,109,109,29.742299556732178,True
results_ablation_acm_han_5seeds/ablation_ACM_HAN_uba_r0.200_seed3_20260514_233955.json,ACM,HAN,uba,3,wo_structural_signal,Full model without structural detection signals,0.2,10,0.885869562625885,0.30434781312942505,0.58152174949646,0.0703125,1.0,0.9296875,True,True,True,0.2,1.0,structural|structure|relation|degree|edge|topology|meta_path|metapath,1.0,1.0,1.0,0.8695651888847351,0.0,1.0,0.016304373741149902,1.0,109,109,29.914879322052002,True
results_ablation_acm_han_5seeds/ablation_ACM_HAN_uba_r0.200_seed3_20260514_233955.json,ACM,HAN,uba,3,wo_feature_signal,Full model without feature detection signals,0.2,10,0.885869562625885,0.30434781312942505,0.58152174949646,0.0703125,1.0,0.9296875,True,True,True,0.2,1.0,feature|features|x|feature_anomaly|feature_shift|attribute,1.0,1.0,1.0,0.842391312122345,0.015625,0.984375,0.04347825050354004,0.984375,109,109,29.59684991836548,True
results_ablation_acm_han_5seeds/ablation_ACM_HAN_uba_r0.200_seed3_20260514_233955.json,ACM,HAN,uba,3,wo_embedding_signal,Full model without embedding/prediction detection signals,0.2,10,0.885869562625885,0.30434781312942505,0.58152174949646,0.0703125,1.0,0.9296875,True,True,True,0.2,1.0,embedding|emb|representation|prediction|confidence|logit|posterior,1.0,1.0,1.0,0.8695651888847351,0.0078125,0.9921875,0.016304373741149902,0.9921875,109,109,30.00902819633484,True
results_ablation_acm_han_5seeds/ablation_ACM_HAN_uba_r0.200_seed3_20260514_233955.json,ACM,HAN,uba,3,wo_hard_removal,Full model without hard removal of suspicious training nodes,0.2,10,0.885869562625885,0.30434781312942505,0.58152174949646,0.0703125,1.0,0.9296875,True,False,True,0.2,1.0,,1.0,1.0,1.0,0.842391312122345,0.09375,0.90625,0.04347825050354004,0.90625,109,0,29.73894190788269,True
results_ablation_acm_han_5seeds/ablation_ACM_HAN_uba_r0.200_seed3_20260514_233955.json,ACM,HAN,uba,3,wo_trigger_purification,Full model without trigger purification / edge pruning,0.2,10,0.885869562625885,0.30434781312942505,0.58152174949646,0.0703125,1.0,0.9296875,False,True,True,0.2,1.0,,1.0,1.0,1.0,0.8695651888847351,0.0,1.0,0.016304373741149902,1.0,109,109,30.819085121154785,True
results_ablation_acm_han_5seeds/ablation_ACM_HAN_uba_r0.200_seed3_20260514_233955.json,ACM,HAN,uba,3,wo_trigger_unlearning,HeteroGuard-HR without trigger unlearning,0.2,10,0.885869562625885,0.30434781312942505,0.58152174949646,0.0703125,1.0,0.9296875,True,True,False,0.0,0.0,,0.0,0.0,0.0,0.885869562625885,0.0859375,0.9140625,0.0,0.9140625,87,87,20.01645278930664,True
results_ablation_acm_han_5seeds/ablation_ACM_HAN_uba_r0.200_seed3_20260514_233955.json,ACM,HAN,uba,3,wo_target_suppression,Full model without target-class probability suppression,0.2,10,0.885869562625885,0.30434781312942505,0.58152174949646,0.0703125,1.0,0.9296875,True,True,True,0.0,1.0,,0.0,0.0,0.0,0.8695651888847351,0.0,1.0,0.016304373741149902,1.0,87,87,29.2535297870636,True
results_ablation_acm_han_5seeds/ablation_ACM_HAN_uba_r0.200_seed3_20260514_233955.json,ACM,HAN,uba,3,only_hard_removal,Only hard-remove detected suspicious training nodes,0.2,10,0.885869562625885,0.30434781312942505,0.58152174949646,0.0703125,1.0,0.9296875,False,True,False,0.0,0.0,,0.0,0.0,0.0,0.8586956262588501,0.1015625,0.8984375,0.027173936367034912,0.8984375,87,87,21.119234800338745,True
results_ablation_acm_han_5seeds/ablation_ACM_HAN_uba_r0.200_seed3_20260514_233955.json,ACM,HAN,uba,3,only_unlearning,Only trigger unlearning without purification or hard removal,0.2,10,0.885869562625885,0.30434781312942505,0.58152174949646,0.0703125,1.0,0.9296875,False,False,True,0.2,1.0,,0.0,0.0,0.0,0.8804348111152649,0.0,1.0,0.005434751510620117,1.0,69,0,30.960060596466064,True
results_ablation_acm_han_5seeds/ablation_ACM_HAN_uba_r0.200_seed4_20260515_000143.json,ACM,HAN,uba,4,full,Full HeteroGuard-Unlearn,0.2,10,0.8913043737411499,0.30434781312942505,0.5869565606117249,0.0546875,1.0,0.9453125,True,True,True,0.2,1.0,,1.0,1.0,1.0,0.875,0.0234375,0.9765625,0.016304373741149902,0.9765625,109,109,30.26212501525879,True
results_ablation_acm_han_5seeds/ablation_ACM_HAN_uba_r0.200_seed4_20260515_000143.json,ACM,HAN,uba,4,wo_structural_signal,Full model without structural detection signals,0.2,10,0.8913043737411499,0.30434781312942505,0.5869565606117249,0.0546875,1.0,0.9453125,True,True,True,0.2,1.0,structural|structure|relation|degree|edge|topology|meta_path|metapath,1.0,1.0,1.0,0.8913043737411499,0.0078125,0.9921875,0.0,0.9921875,109,109,30.19586753845215,True
results_ablation_acm_han_5seeds/ablation_ACM_HAN_uba_r0.200_seed4_20260515_000143.json,ACM,HAN,uba,4,wo_feature_signal,Full model without feature detection signals,0.2,10,0.8913043737411499,0.30434781312942505,0.5869565606117249,0.0546875,1.0,0.9453125,True,True,True,0.2,1.0,feature|features|x|feature_anomaly|feature_shift|attribute,1.0,1.0,1.0,0.8804348111152649,0.015625,0.984375,0.01086956262588501,0.984375,109,109,30.193620681762695,True
results_ablation_acm_han_5seeds/ablation_ACM_HAN_uba_r0.200_seed4_20260515_000143.json,ACM,HAN,uba,4,wo_embedding_signal,Full model without embedding/prediction detection signals,0.2,10,0.8913043737411499,0.30434781312942505,0.5869565606117249,0.0546875,1.0,0.9453125,True,True,True,0.2,1.0,embedding|emb|representation|prediction|confidence|logit|posterior,1.0,1.0,1.0,0.885869562625885,0.015625,0.984375,0.005434811115264893,0.984375,109,109,29.928768157958984,True
results_ablation_acm_han_5seeds/ablation_ACM_HAN_uba_r0.200_seed4_20260515_000143.json,ACM,HAN,uba,4,wo_hard_removal,Full model without hard removal of suspicious training nodes,0.2,10,0.8913043737411499,0.30434781312942505,0.5869565606117249,0.0546875,1.0,0.9453125,True,False,True,0.2,1.0,,1.0,1.0,1.0,0.85326087474823,0.0703125,0.9296875,0.03804349899291992,0.9296875,109,0,29.99991250038147,True
results_ablation_acm_han_5seeds/ablation_ACM_HAN_uba_r0.200_seed4_20260515_000143.json,ACM,HAN,uba,4,wo_trigger_purification,Full model without trigger purification / edge pruning,0.2,10,0.8913043737411499,0.30434781312942505,0.5869565606117249,0.0546875,1.0,0.9453125,False,True,True,0.2,1.0,,1.0,1.0,1.0,0.885869562625885,0.015625,0.984375,0.005434811115264893,0.984375,109,109,31.448906421661377,True
results_ablation_acm_han_5seeds/ablation_ACM_HAN_uba_r0.200_seed4_20260515_000143.json,ACM,HAN,uba,4,wo_trigger_unlearning,HeteroGuard-HR without trigger unlearning,0.2,10,0.8913043737411499,0.30434781312942505,0.5869565606117249,0.0546875,1.0,0.9453125,True,True,False,0.0,0.0,,0.0,0.0,0.0,0.885869562625885,0.09375,0.90625,0.005434811115264893,0.90625,87,87,19.926860809326172,True
results_ablation_acm_han_5seeds/ablation_ACM_HAN_uba_r0.200_seed4_20260515_000143.json,ACM,HAN,uba,4,wo_target_suppression,Full model without target-class probability suppression,0.2,10,0.8913043737411499,0.30434781312942505,0.5869565606117249,0.0546875,1.0,0.9453125,True,True,True,0.0,1.0,,0.0,0.0,0.0,0.8586956262588501,0.0078125,0.9921875,0.032608747482299805,0.9921875,87,87,29.52022886276245,True
results_ablation_acm_han_5seeds/ablation_ACM_HAN_uba_r0.200_seed4_20260515_000143.json,ACM,HAN,uba,4,only_hard_removal,Only hard-remove detected suspicious training nodes,0.2,10,0.8913043737411499,0.30434781312942505,0.5869565606117249,0.0546875,1.0,0.9453125,False,True,False,0.0,0.0,,0.0,0.0,0.0,0.875,0.0703125,0.9296875,0.016304373741149902,0.9296875,87,87,21.039047718048096,True
results_ablation_acm_han_5seeds/ablation_ACM_HAN_uba_r0.200_seed4_20260515_000143.json,ACM,HAN,uba,4,only_unlearning,Only trigger unlearning without purification or hard removal,0.2,10,0.8913043737411499,0.30434781312942505,0.5869565606117249,0.0546875,1.0,0.9453125,False,False,True,0.2,1.0,,0.0,0.0,0.0,0.875,0.0078125,0.9921875,0.016304373741149902,0.9921875,69,0,30.96770691871643,True
results_ablation_acm_han_5seeds/ablation_ACM_HAN_uba_r0.200_seed5_20260515_002319.json,ACM,HAN,uba,5,full,Full HeteroGuard-Unlearn,0.2,10,0.8913043737411499,0.8260869383811951,0.06521743535995483,0.1015625,0.9453125,0.84375,True,True,True,0.2,1.0,,1.0,1.0,1.0,0.8804348111152649,0.0234375,0.921875,0.01086956262588501,0.9752066115702479,109,109,29.526718854904175,True
results_ablation_acm_han_5seeds/ablation_ACM_HAN_uba_r0.200_seed5_20260515_002319.json,ACM,HAN,uba,5,wo_structural_signal,Full model without structural detection signals,0.2,10,0.8913043737411499,0.8260869383811951,0.06521743535995483,0.1015625,0.9453125,0.84375,True,True,True,0.2,1.0,structural|structure|relation|degree|edge|topology|meta_path|metapath,1.0,1.0,1.0,0.885869562625885,0.0,0.9453125,0.005434811115264893,1.0,109,109,30.13102388381958,True
results_ablation_acm_han_5seeds/ablation_ACM_HAN_uba_r0.200_seed5_20260515_002319.json,ACM,HAN,uba,5,wo_feature_signal,Full model without feature detection signals,0.2,10,0.8913043737411499,0.8260869383811951,0.06521743535995483,0.1015625,0.9453125,0.84375,True,True,True,0.2,1.0,feature|features|x|feature_anomaly|feature_shift|attribute,1.0,1.0,1.0,0.875,0.0078125,0.9375,0.016304373741149902,0.9917355371900827,109,109,30.106654167175293,True
results_ablation_acm_han_5seeds/ablation_ACM_HAN_uba_r0.200_seed5_20260515_002319.json,ACM,HAN,uba,5,wo_embedding_signal,Full model without embedding/prediction detection signals,0.2,10,0.8913043737411499,0.8260869383811951,0.06521743535995483,0.1015625,0.9453125,0.84375,True,True,True,0.2,1.0,embedding|emb|representation|prediction|confidence|logit|posterior,1.0,1.0,1.0,0.8804348111152649,0.0078125,0.9375,0.01086956262588501,0.9917355371900827,109,109,29.919776916503906,True
results_ablation_acm_han_5seeds/ablation_ACM_HAN_uba_r0.200_seed5_20260515_002319.json,ACM,HAN,uba,5,wo_hard_removal,Full model without hard removal of suspicious training nodes,0.2,10,0.8913043737411499,0.8260869383811951,0.06521743535995483,0.1015625,0.9453125,0.84375,True,False,True,0.2,1.0,,1.0,1.0,1.0,0.83152174949646,0.0078125,0.9375,0.05978262424468994,0.9917355371900827,109,0,29.955642461776733,True
results_ablation_acm_han_5seeds/ablation_ACM_HAN_uba_r0.200_seed5_20260515_002319.json,ACM,HAN,uba,5,wo_trigger_purification,Full model without trigger purification / edge pruning,0.2,10,0.8913043737411499,0.8260869383811951,0.06521743535995483,0.1015625,0.9453125,0.84375,False,True,True,0.2,1.0,,1.0,1.0,1.0,0.864130437374115,0.0078125,0.9375,0.027173936367034912,0.9917355371900827,109,109,30.81468439102173,True
results_ablation_acm_han_5seeds/ablation_ACM_HAN_uba_r0.200_seed5_20260515_002319.json,ACM,HAN,uba,5,wo_trigger_unlearning,HeteroGuard-HR without trigger unlearning,0.2,10,0.8913043737411499,0.8260869383811951,0.06521743535995483,0.1015625,0.9453125,0.84375,True,True,False,0.0,0.0,,0.0,0.0,0.0,0.85326087474823,0.125,0.8203125,0.03804349899291992,0.8677685950413223,87,87,20.08398747444153,True
results_ablation_acm_han_5seeds/ablation_ACM_HAN_uba_r0.200_seed5_20260515_002319.json,ACM,HAN,uba,5,wo_target_suppression,Full model without target-class probability suppression,0.2,10,0.8913043737411499,0.8260869383811951,0.06521743535995483,0.1015625,0.9453125,0.84375,True,True,True,0.0,1.0,,0.0,0.0,0.0,0.8695651888847351,0.0234375,0.921875,0.021739184856414795,0.9752066115702479,87,87,30.011773586273193,True
results_ablation_acm_han_5seeds/ablation_ACM_HAN_uba_r0.200_seed5_20260515_002319.json,ACM,HAN,uba,5,only_hard_removal,Only hard-remove detected suspicious training nodes,0.2,10,0.8913043737411499,0.8260869383811951,0.06521743535995483,0.1015625,0.9453125,0.84375,False,True,False,0.0,0.0,,0.0,0.0,0.0,0.8695651888847351,0.1796875,0.765625,0.021739184856414795,0.8099173553719008,87,87,21.347240447998047,True
results_ablation_acm_han_5seeds/ablation_ACM_HAN_uba_r0.200_seed5_20260515_002319.json,ACM,HAN,uba,5,only_unlearning,Only trigger unlearning without purification or hard removal,0.2,10,0.8913043737411499,0.8260869383811951,0.06521743535995483,0.1015625,0.9453125,0.84375,False,False,True,0.2,1.0,,0.0,0.0,0.0,0.875,0.0,0.9453125,0.016304373741149902,1.0,69,0,31.336301565170288,True
